Aplanci.XP_022093088.1	6f10fc2a7d9941255e1c6c8924f18a10	368	Pfam	PF07716	Basic region leucine zipper	304	357	6.3E-15	T	22-10-2021	IPR004827	Basic-leucine zipper domain	GO:0003700|GO:0006355	Reactome: R-BTA-2559580|Reactome: R-BTA-2871796|Reactome: R-BTA-450341|Reactome: R-BTA-8874211|Reactome: R-BTA-983231|Reactome: R-CEL-2559580|Reactome: R-CEL-2559582|Reactome: R-CEL-2871796|Reactome: R-CEL-3214847|Reactome: R-CEL-450341|Reactome: R-CEL-8874211|Reactome: R-CEL-9616222|Reactome: R-CEL-983231|Reactome: R-DDI-381033|Reactome: R-DDI-5632684|Reactome: R-DME-198693|Reactome: R-DME-199920|Reactome: R-DME-209394|Reactome: R-DME-209409|Reactome: R-DME-209425|Reactome: R-DME-2559580|Reactome: R-DME-2559582|Reactome: R-DME-2871796|Reactome: R-DME-375165|Reactome: R-DME-390651|Reactome: R-DME-390696|Reactome: R-DME-418555|Reactome: R-DME-442742|Reactome: R-DME-450341|Reactome: R-DME-5689880|Reactome: R-DME-881907|Reactome: R-DME-8856825|Reactome: R-DME-8856828|Reactome: R-DME-9018519|Reactome: R-DME-9616222|Reactome: R-DME-9634638|Reactome: R-DME-983231|Reactome: R-DRE-8874211|Reactome: R-GGA-2559582|Reactome: R-GGA-437986|Reactome: R-HSA-111931|Reactome: R-HSA-111932|Reactome: R-HSA-1368108|Reactome: R-HSA-1912408|Reactome: R-HSA-198693|Reactome: R-HSA-199920|Reactome: R-HSA-210745|Reactome: R-HSA-2151201|Reactome: R-HSA-2173796|Reactome: R-HSA-2197563|Reactome: R-HSA-2559580|Reactome: R-HSA-2559582|Reactome: R-HSA-2871796|Reactome: R-HSA-3214847|Reactome: R-HSA-375165|Reactome: R-HSA-380994|Reactome: R-HSA-381033|Reactome: R-HSA-381038|Reactome: R-HSA-381042|Reactome: R-HSA-381070|Reactome: R-HSA-381183|Reactome: R-HSA-381340|Reactome: R-HSA-400253|Reactome: R-HSA-442720|Reactome: R-HSA-442729|Reactome: R-HSA-442742|Reactome: R-HSA-450341|Reactome: R-HSA-5617472|Reactome: R-HSA-5674400|Reactome: R-HSA-5687128|Reactome: R-HSA-6785807|Reactome: R-HSA-6796648|Reactome: R-HSA-881907|Reactome: R-HSA-8853884|Reactome: R-HSA-8862803|Reactome: R-HSA-8874211|Reactome: R-HSA-8936459|Reactome: R-HSA-8940973|Reactome: R-HSA-8943724|Reactome: R-HSA-8963889|Reactome: R-HSA-9018519|Reactome: R-HSA-9022692|Reactome: R-HSA-9022699|Reactome: R-HSA-9022702|Reactome: R-HSA-9022707|Reactome: R-HSA-9031628|Reactome: R-HSA-9609690|Reactome: R-HSA-9610379|Reactome: R-HSA-9614657|Reactome: R-HSA-9616222|Reactome: R-HSA-9633012|Reactome: R-HSA-9634638|Reactome: R-HSA-9648895|Reactome: R-HSA-9660821|Reactome: R-HSA-9664323|Reactome: R-HSA-9673324|Reactome: R-HSA-983231|Reactome: R-MMU-198693|Reactome: R-MMU-199920|Reactome: R-MMU-2559580|Reactome: R-MMU-2559582|Reactome: R-MMU-2871796|Reactome: R-MMU-3214847|Reactome: R-MMU-375165|Reactome: R-MMU-381033|Reactome: R-MMU-442742|Reactome: R-MMU-450341|Reactome: R-MMU-881907|Reactome: R-MMU-8874211|Reactome: R-MMU-9031628|Reactome: R-MMU-9616222|Reactome: R-MMU-9634638|Reactome: R-MMU-983231|Reactome: R-RNO-198693|Reactome: R-RNO-199920|Reactome: R-RNO-2559580|Reactome: R-RNO-2559582|Reactome: R-RNO-2871796|Reactome: R-RNO-3214847|Reactome: R-RNO-375165|Reactome: R-RNO-381033|Reactome: R-RNO-442742|Reactome: R-RNO-450341|Reactome: R-RNO-881907|Reactome: R-RNO-8874211|Reactome: R-RNO-9031628|Reactome: R-RNO-9616222|Reactome: R-RNO-9634638|Reactome: R-RNO-983231|Reactome: R-SCE-2559580|Reactome: R-SCE-2871796|Reactome: R-SCE-3214847|Reactome: R-SCE-450341|Reactome: R-SPO-3214847|Reactome: R-SPO-450341
Aplanci.XP_022096965.1	cbfd0b513c8572cf4ddfcdbb233d7d2f	262	Pfam	PF07716	Basic region leucine zipper	198	251	1.3E-15	T	22-10-2021	IPR004827	Basic-leucine zipper domain	GO:0003700|GO:0006355	Reactome: R-BTA-2559580|Reactome: R-BTA-2871796|Reactome: R-BTA-450341|Reactome: R-BTA-8874211|Reactome: R-BTA-983231|Reactome: R-CEL-2559580|Reactome: R-CEL-2559582|Reactome: R-CEL-2871796|Reactome: R-CEL-3214847|Reactome: R-CEL-450341|Reactome: R-CEL-8874211|Reactome: R-CEL-9616222|Reactome: R-CEL-983231|Reactome: R-DDI-381033|Reactome: R-DDI-5632684|Reactome: R-DME-198693|Reactome: R-DME-199920|Reactome: R-DME-209394|Reactome: R-DME-209409|Reactome: R-DME-209425|Reactome: R-DME-2559580|Reactome: R-DME-2559582|Reactome: R-DME-2871796|Reactome: R-DME-375165|Reactome: R-DME-390651|Reactome: R-DME-390696|Reactome: R-DME-418555|Reactome: R-DME-442742|Reactome: R-DME-450341|Reactome: R-DME-5689880|Reactome: R-DME-881907|Reactome: R-DME-8856825|Reactome: R-DME-8856828|Reactome: R-DME-9018519|Reactome: R-DME-9616222|Reactome: R-DME-9634638|Reactome: R-DME-983231|Reactome: R-DRE-8874211|Reactome: R-GGA-2559582|Reactome: R-GGA-437986|Reactome: R-HSA-111931|Reactome: R-HSA-111932|Reactome: R-HSA-1368108|Reactome: R-HSA-1912408|Reactome: R-HSA-198693|Reactome: R-HSA-199920|Reactome: R-HSA-210745|Reactome: R-HSA-2151201|Reactome: R-HSA-2173796|Reactome: R-HSA-2197563|Reactome: R-HSA-2559580|Reactome: R-HSA-2559582|Reactome: R-HSA-2871796|Reactome: R-HSA-3214847|Reactome: R-HSA-375165|Reactome: R-HSA-380994|Reactome: R-HSA-381033|Reactome: R-HSA-381038|Reactome: R-HSA-381042|Reactome: R-HSA-381070|Reactome: R-HSA-381183|Reactome: R-HSA-381340|Reactome: R-HSA-400253|Reactome: R-HSA-442720|Reactome: R-HSA-442729|Reactome: R-HSA-442742|Reactome: R-HSA-450341|Reactome: R-HSA-5617472|Reactome: R-HSA-5674400|Reactome: R-HSA-5687128|Reactome: R-HSA-6785807|Reactome: R-HSA-6796648|Reactome: R-HSA-881907|Reactome: R-HSA-8853884|Reactome: R-HSA-8862803|Reactome: R-HSA-8874211|Reactome: R-HSA-8936459|Reactome: R-HSA-8940973|Reactome: R-HSA-8943724|Reactome: R-HSA-8963889|Reactome: R-HSA-9018519|Reactome: R-HSA-9022692|Reactome: R-HSA-9022699|Reactome: R-HSA-9022702|Reactome: R-HSA-9022707|Reactome: R-HSA-9031628|Reactome: R-HSA-9609690|Reactome: R-HSA-9610379|Reactome: R-HSA-9614657|Reactome: R-HSA-9616222|Reactome: R-HSA-9633012|Reactome: R-HSA-9634638|Reactome: R-HSA-9648895|Reactome: R-HSA-9660821|Reactome: R-HSA-9664323|Reactome: R-HSA-9673324|Reactome: R-HSA-983231|Reactome: R-MMU-198693|Reactome: R-MMU-199920|Reactome: R-MMU-2559580|Reactome: R-MMU-2559582|Reactome: R-MMU-2871796|Reactome: R-MMU-3214847|Reactome: R-MMU-375165|Reactome: R-MMU-381033|Reactome: R-MMU-442742|Reactome: R-MMU-450341|Reactome: R-MMU-881907|Reactome: R-MMU-8874211|Reactome: R-MMU-9031628|Reactome: R-MMU-9616222|Reactome: R-MMU-9634638|Reactome: R-MMU-983231|Reactome: R-RNO-198693|Reactome: R-RNO-199920|Reactome: R-RNO-2559580|Reactome: R-RNO-2559582|Reactome: R-RNO-2871796|Reactome: R-RNO-3214847|Reactome: R-RNO-375165|Reactome: R-RNO-381033|Reactome: R-RNO-442742|Reactome: R-RNO-450341|Reactome: R-RNO-881907|Reactome: R-RNO-8874211|Reactome: R-RNO-9031628|Reactome: R-RNO-9616222|Reactome: R-RNO-9634638|Reactome: R-RNO-983231|Reactome: R-SCE-2559580|Reactome: R-SCE-2871796|Reactome: R-SCE-3214847|Reactome: R-SCE-450341|Reactome: R-SPO-3214847|Reactome: R-SPO-450341
Aplanci.XP_022103079.1	d7c8be06cec2e667582342460a1bb631	292	Pfam	PF07716	Basic region leucine zipper	221	274	9.4E-18	T	22-10-2021	IPR004827	Basic-leucine zipper domain	GO:0003700|GO:0006355	Reactome: R-BTA-2559580|Reactome: R-BTA-2871796|Reactome: R-BTA-450341|Reactome: R-BTA-8874211|Reactome: R-BTA-983231|Reactome: R-CEL-2559580|Reactome: R-CEL-2559582|Reactome: R-CEL-2871796|Reactome: R-CEL-3214847|Reactome: R-CEL-450341|Reactome: R-CEL-8874211|Reactome: R-CEL-9616222|Reactome: R-CEL-983231|Reactome: R-DDI-381033|Reactome: R-DDI-5632684|Reactome: R-DME-198693|Reactome: R-DME-199920|Reactome: R-DME-209394|Reactome: R-DME-209409|Reactome: R-DME-209425|Reactome: R-DME-2559580|Reactome: R-DME-2559582|Reactome: R-DME-2871796|Reactome: R-DME-375165|Reactome: R-DME-390651|Reactome: R-DME-390696|Reactome: R-DME-418555|Reactome: R-DME-442742|Reactome: R-DME-450341|Reactome: R-DME-5689880|Reactome: R-DME-881907|Reactome: R-DME-8856825|Reactome: R-DME-8856828|Reactome: R-DME-9018519|Reactome: R-DME-9616222|Reactome: R-DME-9634638|Reactome: R-DME-983231|Reactome: R-DRE-8874211|Reactome: R-GGA-2559582|Reactome: R-GGA-437986|Reactome: R-HSA-111931|Reactome: R-HSA-111932|Reactome: R-HSA-1368108|Reactome: R-HSA-1912408|Reactome: R-HSA-198693|Reactome: R-HSA-199920|Reactome: R-HSA-210745|Reactome: R-HSA-2151201|Reactome: R-HSA-2173796|Reactome: R-HSA-2197563|Reactome: R-HSA-2559580|Reactome: R-HSA-2559582|Reactome: R-HSA-2871796|Reactome: R-HSA-3214847|Reactome: R-HSA-375165|Reactome: R-HSA-380994|Reactome: R-HSA-381033|Reactome: R-HSA-381038|Reactome: R-HSA-381042|Reactome: R-HSA-381070|Reactome: R-HSA-381183|Reactome: R-HSA-381340|Reactome: R-HSA-400253|Reactome: R-HSA-442720|Reactome: R-HSA-442729|Reactome: R-HSA-442742|Reactome: R-HSA-450341|Reactome: R-HSA-5617472|Reactome: R-HSA-5674400|Reactome: R-HSA-5687128|Reactome: R-HSA-6785807|Reactome: R-HSA-6796648|Reactome: R-HSA-881907|Reactome: R-HSA-8853884|Reactome: R-HSA-8862803|Reactome: R-HSA-8874211|Reactome: R-HSA-8936459|Reactome: R-HSA-8940973|Reactome: R-HSA-8943724|Reactome: R-HSA-8963889|Reactome: R-HSA-9018519|Reactome: R-HSA-9022692|Reactome: R-HSA-9022699|Reactome: R-HSA-9022702|Reactome: R-HSA-9022707|Reactome: R-HSA-9031628|Reactome: R-HSA-9609690|Reactome: R-HSA-9610379|Reactome: R-HSA-9614657|Reactome: R-HSA-9616222|Reactome: R-HSA-9633012|Reactome: R-HSA-9634638|Reactome: R-HSA-9648895|Reactome: R-HSA-9660821|Reactome: R-HSA-9664323|Reactome: R-HSA-9673324|Reactome: R-HSA-983231|Reactome: R-MMU-198693|Reactome: R-MMU-199920|Reactome: R-MMU-2559580|Reactome: R-MMU-2559582|Reactome: R-MMU-2871796|Reactome: R-MMU-3214847|Reactome: R-MMU-375165|Reactome: R-MMU-381033|Reactome: R-MMU-442742|Reactome: R-MMU-450341|Reactome: R-MMU-881907|Reactome: R-MMU-8874211|Reactome: R-MMU-9031628|Reactome: R-MMU-9616222|Reactome: R-MMU-9634638|Reactome: R-MMU-983231|Reactome: R-RNO-198693|Reactome: R-RNO-199920|Reactome: R-RNO-2559580|Reactome: R-RNO-2559582|Reactome: R-RNO-2871796|Reactome: R-RNO-3214847|Reactome: R-RNO-375165|Reactome: R-RNO-381033|Reactome: R-RNO-442742|Reactome: R-RNO-450341|Reactome: R-RNO-881907|Reactome: R-RNO-8874211|Reactome: R-RNO-9031628|Reactome: R-RNO-9616222|Reactome: R-RNO-9634638|Reactome: R-RNO-983231|Reactome: R-SCE-2559580|Reactome: R-SCE-2871796|Reactome: R-SCE-3214847|Reactome: R-SCE-450341|Reactome: R-SPO-3214847|Reactome: R-SPO-450341
Bbelcheri.XP_019614533.1	442ec51261982cac043956d4598e04aa	279	Pfam	PF07716	Basic region leucine zipper	209	261	9.1E-15	T	22-10-2021	IPR004827	Basic-leucine zipper domain	GO:0003700|GO:0006355	Reactome: R-BTA-2559580|Reactome: R-BTA-2871796|Reactome: R-BTA-450341|Reactome: R-BTA-8874211|Reactome: R-BTA-983231|Reactome: R-CEL-2559580|Reactome: R-CEL-2559582|Reactome: R-CEL-2871796|Reactome: R-CEL-3214847|Reactome: R-CEL-450341|Reactome: R-CEL-8874211|Reactome: R-CEL-9616222|Reactome: R-CEL-983231|Reactome: R-DDI-381033|Reactome: R-DDI-5632684|Reactome: R-DME-198693|Reactome: R-DME-199920|Reactome: R-DME-209394|Reactome: R-DME-209409|Reactome: R-DME-209425|Reactome: R-DME-2559580|Reactome: R-DME-2559582|Reactome: R-DME-2871796|Reactome: R-DME-375165|Reactome: R-DME-390651|Reactome: R-DME-390696|Reactome: R-DME-418555|Reactome: R-DME-442742|Reactome: R-DME-450341|Reactome: R-DME-5689880|Reactome: R-DME-881907|Reactome: R-DME-8856825|Reactome: R-DME-8856828|Reactome: R-DME-9018519|Reactome: R-DME-9616222|Reactome: R-DME-9634638|Reactome: R-DME-983231|Reactome: R-DRE-8874211|Reactome: R-GGA-2559582|Reactome: R-GGA-437986|Reactome: R-HSA-111931|Reactome: R-HSA-111932|Reactome: R-HSA-1368108|Reactome: R-HSA-1912408|Reactome: R-HSA-198693|Reactome: R-HSA-199920|Reactome: R-HSA-210745|Reactome: R-HSA-2151201|Reactome: R-HSA-2173796|Reactome: R-HSA-2197563|Reactome: R-HSA-2559580|Reactome: R-HSA-2559582|Reactome: R-HSA-2871796|Reactome: R-HSA-3214847|Reactome: R-HSA-375165|Reactome: R-HSA-380994|Reactome: R-HSA-381033|Reactome: R-HSA-381038|Reactome: R-HSA-381042|Reactome: R-HSA-381070|Reactome: R-HSA-381183|Reactome: R-HSA-381340|Reactome: R-HSA-400253|Reactome: R-HSA-442720|Reactome: R-HSA-442729|Reactome: R-HSA-442742|Reactome: R-HSA-450341|Reactome: R-HSA-5617472|Reactome: R-HSA-5674400|Reactome: R-HSA-5687128|Reactome: R-HSA-6785807|Reactome: R-HSA-6796648|Reactome: R-HSA-881907|Reactome: R-HSA-8853884|Reactome: R-HSA-8862803|Reactome: R-HSA-8874211|Reactome: R-HSA-8936459|Reactome: R-HSA-8940973|Reactome: R-HSA-8943724|Reactome: R-HSA-8963889|Reactome: R-HSA-9018519|Reactome: R-HSA-9022692|Reactome: R-HSA-9022699|Reactome: R-HSA-9022702|Reactome: R-HSA-9022707|Reactome: R-HSA-9031628|Reactome: R-HSA-9609690|Reactome: R-HSA-9610379|Reactome: R-HSA-9614657|Reactome: R-HSA-9616222|Reactome: R-HSA-9633012|Reactome: R-HSA-9634638|Reactome: R-HSA-9648895|Reactome: R-HSA-9660821|Reactome: R-HSA-9664323|Reactome: R-HSA-9673324|Reactome: R-HSA-983231|Reactome: R-MMU-198693|Reactome: R-MMU-199920|Reactome: R-MMU-2559580|Reactome: R-MMU-2559582|Reactome: R-MMU-2871796|Reactome: R-MMU-3214847|Reactome: R-MMU-375165|Reactome: R-MMU-381033|Reactome: R-MMU-442742|Reactome: R-MMU-450341|Reactome: R-MMU-881907|Reactome: R-MMU-8874211|Reactome: R-MMU-9031628|Reactome: R-MMU-9616222|Reactome: R-MMU-9634638|Reactome: R-MMU-983231|Reactome: R-RNO-198693|Reactome: R-RNO-199920|Reactome: R-RNO-2559580|Reactome: R-RNO-2559582|Reactome: R-RNO-2871796|Reactome: R-RNO-3214847|Reactome: R-RNO-375165|Reactome: R-RNO-381033|Reactome: R-RNO-442742|Reactome: R-RNO-450341|Reactome: R-RNO-881907|Reactome: R-RNO-8874211|Reactome: R-RNO-9031628|Reactome: R-RNO-9616222|Reactome: R-RNO-9634638|Reactome: R-RNO-983231|Reactome: R-SCE-2559580|Reactome: R-SCE-2871796|Reactome: R-SCE-3214847|Reactome: R-SCE-450341|Reactome: R-SPO-3214847|Reactome: R-SPO-450341
Bbelcheri.XP_019621754.1	b2ed7b0ce06ae43d3f620cf9898da15e	303	Pfam	PF07716	Basic region leucine zipper	237	290	1.3E-14	T	22-10-2021	IPR004827	Basic-leucine zipper domain	GO:0003700|GO:0006355	Reactome: R-BTA-2559580|Reactome: R-BTA-2871796|Reactome: R-BTA-450341|Reactome: R-BTA-8874211|Reactome: R-BTA-983231|Reactome: R-CEL-2559580|Reactome: R-CEL-2559582|Reactome: R-CEL-2871796|Reactome: R-CEL-3214847|Reactome: R-CEL-450341|Reactome: R-CEL-8874211|Reactome: R-CEL-9616222|Reactome: R-CEL-983231|Reactome: R-DDI-381033|Reactome: R-DDI-5632684|Reactome: R-DME-198693|Reactome: R-DME-199920|Reactome: R-DME-209394|Reactome: R-DME-209409|Reactome: R-DME-209425|Reactome: R-DME-2559580|Reactome: R-DME-2559582|Reactome: R-DME-2871796|Reactome: R-DME-375165|Reactome: R-DME-390651|Reactome: R-DME-390696|Reactome: R-DME-418555|Reactome: R-DME-442742|Reactome: R-DME-450341|Reactome: R-DME-5689880|Reactome: R-DME-881907|Reactome: R-DME-8856825|Reactome: R-DME-8856828|Reactome: R-DME-9018519|Reactome: R-DME-9616222|Reactome: R-DME-9634638|Reactome: R-DME-983231|Reactome: R-DRE-8874211|Reactome: R-GGA-2559582|Reactome: R-GGA-437986|Reactome: R-HSA-111931|Reactome: R-HSA-111932|Reactome: R-HSA-1368108|Reactome: R-HSA-1912408|Reactome: R-HSA-198693|Reactome: R-HSA-199920|Reactome: R-HSA-210745|Reactome: R-HSA-2151201|Reactome: R-HSA-2173796|Reactome: R-HSA-2197563|Reactome: R-HSA-2559580|Reactome: R-HSA-2559582|Reactome: R-HSA-2871796|Reactome: R-HSA-3214847|Reactome: R-HSA-375165|Reactome: R-HSA-380994|Reactome: R-HSA-381033|Reactome: R-HSA-381038|Reactome: R-HSA-381042|Reactome: R-HSA-381070|Reactome: R-HSA-381183|Reactome: R-HSA-381340|Reactome: R-HSA-400253|Reactome: R-HSA-442720|Reactome: R-HSA-442729|Reactome: R-HSA-442742|Reactome: R-HSA-450341|Reactome: R-HSA-5617472|Reactome: R-HSA-5674400|Reactome: R-HSA-5687128|Reactome: R-HSA-6785807|Reactome: R-HSA-6796648|Reactome: R-HSA-881907|Reactome: R-HSA-8853884|Reactome: R-HSA-8862803|Reactome: R-HSA-8874211|Reactome: R-HSA-8936459|Reactome: R-HSA-8940973|Reactome: R-HSA-8943724|Reactome: R-HSA-8963889|Reactome: R-HSA-9018519|Reactome: R-HSA-9022692|Reactome: R-HSA-9022699|Reactome: R-HSA-9022702|Reactome: R-HSA-9022707|Reactome: R-HSA-9031628|Reactome: R-HSA-9609690|Reactome: R-HSA-9610379|Reactome: R-HSA-9614657|Reactome: R-HSA-9616222|Reactome: R-HSA-9633012|Reactome: R-HSA-9634638|Reactome: R-HSA-9648895|Reactome: R-HSA-9660821|Reactome: R-HSA-9664323|Reactome: R-HSA-9673324|Reactome: R-HSA-983231|Reactome: R-MMU-198693|Reactome: R-MMU-199920|Reactome: R-MMU-2559580|Reactome: R-MMU-2559582|Reactome: R-MMU-2871796|Reactome: R-MMU-3214847|Reactome: R-MMU-375165|Reactome: R-MMU-381033|Reactome: R-MMU-442742|Reactome: R-MMU-450341|Reactome: R-MMU-881907|Reactome: R-MMU-8874211|Reactome: R-MMU-9031628|Reactome: R-MMU-9616222|Reactome: R-MMU-9634638|Reactome: R-MMU-983231|Reactome: R-RNO-198693|Reactome: R-RNO-199920|Reactome: R-RNO-2559580|Reactome: R-RNO-2559582|Reactome: R-RNO-2871796|Reactome: R-RNO-3214847|Reactome: R-RNO-375165|Reactome: R-RNO-381033|Reactome: R-RNO-442742|Reactome: R-RNO-450341|Reactome: R-RNO-881907|Reactome: R-RNO-8874211|Reactome: R-RNO-9031628|Reactome: R-RNO-9616222|Reactome: R-RNO-9634638|Reactome: R-RNO-983231|Reactome: R-SCE-2559580|Reactome: R-SCE-2871796|Reactome: R-SCE-3214847|Reactome: R-SCE-450341|Reactome: R-SPO-3214847|Reactome: R-SPO-450341
Bbelcheri.XP_019634446.1	e5f5f7614cdc30b62845765ef8d55b18	482	Pfam	PF07716	Basic region leucine zipper	397	448	3.8E-6	T	22-10-2021	IPR004827	Basic-leucine zipper domain	GO:0003700|GO:0006355	Reactome: R-BTA-2559580|Reactome: R-BTA-2871796|Reactome: R-BTA-450341|Reactome: R-BTA-8874211|Reactome: R-BTA-983231|Reactome: R-CEL-2559580|Reactome: R-CEL-2559582|Reactome: R-CEL-2871796|Reactome: R-CEL-3214847|Reactome: R-CEL-450341|Reactome: R-CEL-8874211|Reactome: R-CEL-9616222|Reactome: R-CEL-983231|Reactome: R-DDI-381033|Reactome: R-DDI-5632684|Reactome: R-DME-198693|Reactome: R-DME-199920|Reactome: R-DME-209394|Reactome: R-DME-209409|Reactome: R-DME-209425|Reactome: R-DME-2559580|Reactome: R-DME-2559582|Reactome: R-DME-2871796|Reactome: R-DME-375165|Reactome: R-DME-390651|Reactome: R-DME-390696|Reactome: R-DME-418555|Reactome: R-DME-442742|Reactome: R-DME-450341|Reactome: R-DME-5689880|Reactome: R-DME-881907|Reactome: R-DME-8856825|Reactome: R-DME-8856828|Reactome: R-DME-9018519|Reactome: R-DME-9616222|Reactome: R-DME-9634638|Reactome: R-DME-983231|Reactome: R-DRE-8874211|Reactome: R-GGA-2559582|Reactome: R-GGA-437986|Reactome: R-HSA-111931|Reactome: R-HSA-111932|Reactome: R-HSA-1368108|Reactome: R-HSA-1912408|Reactome: R-HSA-198693|Reactome: R-HSA-199920|Reactome: R-HSA-210745|Reactome: R-HSA-2151201|Reactome: R-HSA-2173796|Reactome: R-HSA-2197563|Reactome: R-HSA-2559580|Reactome: R-HSA-2559582|Reactome: R-HSA-2871796|Reactome: R-HSA-3214847|Reactome: R-HSA-375165|Reactome: R-HSA-380994|Reactome: R-HSA-381033|Reactome: R-HSA-381038|Reactome: R-HSA-381042|Reactome: R-HSA-381070|Reactome: R-HSA-381183|Reactome: R-HSA-381340|Reactome: R-HSA-400253|Reactome: R-HSA-442720|Reactome: R-HSA-442729|Reactome: R-HSA-442742|Reactome: R-HSA-450341|Reactome: R-HSA-5617472|Reactome: R-HSA-5674400|Reactome: R-HSA-5687128|Reactome: R-HSA-6785807|Reactome: R-HSA-6796648|Reactome: R-HSA-881907|Reactome: R-HSA-8853884|Reactome: R-HSA-8862803|Reactome: R-HSA-8874211|Reactome: R-HSA-8936459|Reactome: R-HSA-8940973|Reactome: R-HSA-8943724|Reactome: R-HSA-8963889|Reactome: R-HSA-9018519|Reactome: R-HSA-9022692|Reactome: R-HSA-9022699|Reactome: R-HSA-9022702|Reactome: R-HSA-9022707|Reactome: R-HSA-9031628|Reactome: R-HSA-9609690|Reactome: R-HSA-9610379|Reactome: R-HSA-9614657|Reactome: R-HSA-9616222|Reactome: R-HSA-9633012|Reactome: R-HSA-9634638|Reactome: R-HSA-9648895|Reactome: R-HSA-9660821|Reactome: R-HSA-9664323|Reactome: R-HSA-9673324|Reactome: R-HSA-983231|Reactome: R-MMU-198693|Reactome: R-MMU-199920|Reactome: R-MMU-2559580|Reactome: R-MMU-2559582|Reactome: R-MMU-2871796|Reactome: R-MMU-3214847|Reactome: R-MMU-375165|Reactome: R-MMU-381033|Reactome: R-MMU-442742|Reactome: R-MMU-450341|Reactome: R-MMU-881907|Reactome: R-MMU-8874211|Reactome: R-MMU-9031628|Reactome: R-MMU-9616222|Reactome: R-MMU-9634638|Reactome: R-MMU-983231|Reactome: R-RNO-198693|Reactome: R-RNO-199920|Reactome: R-RNO-2559580|Reactome: R-RNO-2559582|Reactome: R-RNO-2871796|Reactome: R-RNO-3214847|Reactome: R-RNO-375165|Reactome: R-RNO-381033|Reactome: R-RNO-442742|Reactome: R-RNO-450341|Reactome: R-RNO-881907|Reactome: R-RNO-8874211|Reactome: R-RNO-9031628|Reactome: R-RNO-9616222|Reactome: R-RNO-9634638|Reactome: R-RNO-983231|Reactome: R-SCE-2559580|Reactome: R-SCE-2871796|Reactome: R-SCE-3214847|Reactome: R-SCE-450341|Reactome: R-SPO-3214847|Reactome: R-SPO-450341
Bbelcheri.XP_019634446.1	e5f5f7614cdc30b62845765ef8d55b18	482	Pfam	PF07716	Basic region leucine zipper	71	123	5.2E-15	T	22-10-2021	IPR004827	Basic-leucine zipper domain	GO:0003700|GO:0006355	Reactome: R-BTA-2559580|Reactome: R-BTA-2871796|Reactome: R-BTA-450341|Reactome: R-BTA-8874211|Reactome: R-BTA-983231|Reactome: R-CEL-2559580|Reactome: R-CEL-2559582|Reactome: R-CEL-2871796|Reactome: R-CEL-3214847|Reactome: R-CEL-450341|Reactome: R-CEL-8874211|Reactome: R-CEL-9616222|Reactome: R-CEL-983231|Reactome: R-DDI-381033|Reactome: R-DDI-5632684|Reactome: R-DME-198693|Reactome: R-DME-199920|Reactome: R-DME-209394|Reactome: R-DME-209409|Reactome: R-DME-209425|Reactome: R-DME-2559580|Reactome: R-DME-2559582|Reactome: R-DME-2871796|Reactome: R-DME-375165|Reactome: R-DME-390651|Reactome: R-DME-390696|Reactome: R-DME-418555|Reactome: R-DME-442742|Reactome: R-DME-450341|Reactome: R-DME-5689880|Reactome: R-DME-881907|Reactome: R-DME-8856825|Reactome: R-DME-8856828|Reactome: R-DME-9018519|Reactome: R-DME-9616222|Reactome: R-DME-9634638|Reactome: R-DME-983231|Reactome: R-DRE-8874211|Reactome: R-GGA-2559582|Reactome: R-GGA-437986|Reactome: R-HSA-111931|Reactome: R-HSA-111932|Reactome: R-HSA-1368108|Reactome: R-HSA-1912408|Reactome: R-HSA-198693|Reactome: R-HSA-199920|Reactome: R-HSA-210745|Reactome: R-HSA-2151201|Reactome: R-HSA-2173796|Reactome: R-HSA-2197563|Reactome: R-HSA-2559580|Reactome: R-HSA-2559582|Reactome: R-HSA-2871796|Reactome: R-HSA-3214847|Reactome: R-HSA-375165|Reactome: R-HSA-380994|Reactome: R-HSA-381033|Reactome: R-HSA-381038|Reactome: R-HSA-381042|Reactome: R-HSA-381070|Reactome: R-HSA-381183|Reactome: R-HSA-381340|Reactome: R-HSA-400253|Reactome: R-HSA-442720|Reactome: R-HSA-442729|Reactome: R-HSA-442742|Reactome: R-HSA-450341|Reactome: R-HSA-5617472|Reactome: R-HSA-5674400|Reactome: R-HSA-5687128|Reactome: R-HSA-6785807|Reactome: R-HSA-6796648|Reactome: R-HSA-881907|Reactome: R-HSA-8853884|Reactome: R-HSA-8862803|Reactome: R-HSA-8874211|Reactome: R-HSA-8936459|Reactome: R-HSA-8940973|Reactome: R-HSA-8943724|Reactome: R-HSA-8963889|Reactome: R-HSA-9018519|Reactome: R-HSA-9022692|Reactome: R-HSA-9022699|Reactome: R-HSA-9022702|Reactome: R-HSA-9022707|Reactome: R-HSA-9031628|Reactome: R-HSA-9609690|Reactome: R-HSA-9610379|Reactome: R-HSA-9614657|Reactome: R-HSA-9616222|Reactome: R-HSA-9633012|Reactome: R-HSA-9634638|Reactome: R-HSA-9648895|Reactome: R-HSA-9660821|Reactome: R-HSA-9664323|Reactome: R-HSA-9673324|Reactome: R-HSA-983231|Reactome: R-MMU-198693|Reactome: R-MMU-199920|Reactome: R-MMU-2559580|Reactome: R-MMU-2559582|Reactome: R-MMU-2871796|Reactome: R-MMU-3214847|Reactome: R-MMU-375165|Reactome: R-MMU-381033|Reactome: R-MMU-442742|Reactome: R-MMU-450341|Reactome: R-MMU-881907|Reactome: R-MMU-8874211|Reactome: R-MMU-9031628|Reactome: R-MMU-9616222|Reactome: R-MMU-9634638|Reactome: R-MMU-983231|Reactome: R-RNO-198693|Reactome: R-RNO-199920|Reactome: R-RNO-2559580|Reactome: R-RNO-2559582|Reactome: R-RNO-2871796|Reactome: R-RNO-3214847|Reactome: R-RNO-375165|Reactome: R-RNO-381033|Reactome: R-RNO-442742|Reactome: R-RNO-450341|Reactome: R-RNO-881907|Reactome: R-RNO-8874211|Reactome: R-RNO-9031628|Reactome: R-RNO-9616222|Reactome: R-RNO-9634638|Reactome: R-RNO-983231|Reactome: R-SCE-2559580|Reactome: R-SCE-2871796|Reactome: R-SCE-3214847|Reactome: R-SCE-450341|Reactome: R-SPO-3214847|Reactome: R-SPO-450341
Bbelcheri.XP_019642505.1	49476ff220330aef1f778f0d3245f094	304	Pfam	PF07716	Basic region leucine zipper	233	286	4.9E-15	T	22-10-2021	IPR004827	Basic-leucine zipper domain	GO:0003700|GO:0006355	Reactome: R-BTA-2559580|Reactome: R-BTA-2871796|Reactome: R-BTA-450341|Reactome: R-BTA-8874211|Reactome: R-BTA-983231|Reactome: R-CEL-2559580|Reactome: R-CEL-2559582|Reactome: R-CEL-2871796|Reactome: R-CEL-3214847|Reactome: R-CEL-450341|Reactome: R-CEL-8874211|Reactome: R-CEL-9616222|Reactome: R-CEL-983231|Reactome: R-DDI-381033|Reactome: R-DDI-5632684|Reactome: R-DME-198693|Reactome: R-DME-199920|Reactome: R-DME-209394|Reactome: R-DME-209409|Reactome: R-DME-209425|Reactome: R-DME-2559580|Reactome: R-DME-2559582|Reactome: R-DME-2871796|Reactome: R-DME-375165|Reactome: R-DME-390651|Reactome: R-DME-390696|Reactome: R-DME-418555|Reactome: R-DME-442742|Reactome: R-DME-450341|Reactome: R-DME-5689880|Reactome: R-DME-881907|Reactome: R-DME-8856825|Reactome: R-DME-8856828|Reactome: R-DME-9018519|Reactome: R-DME-9616222|Reactome: R-DME-9634638|Reactome: R-DME-983231|Reactome: R-DRE-8874211|Reactome: R-GGA-2559582|Reactome: R-GGA-437986|Reactome: R-HSA-111931|Reactome: R-HSA-111932|Reactome: R-HSA-1368108|Reactome: R-HSA-1912408|Reactome: R-HSA-198693|Reactome: R-HSA-199920|Reactome: R-HSA-210745|Reactome: R-HSA-2151201|Reactome: R-HSA-2173796|Reactome: R-HSA-2197563|Reactome: R-HSA-2559580|Reactome: R-HSA-2559582|Reactome: R-HSA-2871796|Reactome: R-HSA-3214847|Reactome: R-HSA-375165|Reactome: R-HSA-380994|Reactome: R-HSA-381033|Reactome: R-HSA-381038|Reactome: R-HSA-381042|Reactome: R-HSA-381070|Reactome: R-HSA-381183|Reactome: R-HSA-381340|Reactome: R-HSA-400253|Reactome: R-HSA-442720|Reactome: R-HSA-442729|Reactome: R-HSA-442742|Reactome: R-HSA-450341|Reactome: R-HSA-5617472|Reactome: R-HSA-5674400|Reactome: R-HSA-5687128|Reactome: R-HSA-6785807|Reactome: R-HSA-6796648|Reactome: R-HSA-881907|Reactome: R-HSA-8853884|Reactome: R-HSA-8862803|Reactome: R-HSA-8874211|Reactome: R-HSA-8936459|Reactome: R-HSA-8940973|Reactome: R-HSA-8943724|Reactome: R-HSA-8963889|Reactome: R-HSA-9018519|Reactome: R-HSA-9022692|Reactome: R-HSA-9022699|Reactome: R-HSA-9022702|Reactome: R-HSA-9022707|Reactome: R-HSA-9031628|Reactome: R-HSA-9609690|Reactome: R-HSA-9610379|Reactome: R-HSA-9614657|Reactome: R-HSA-9616222|Reactome: R-HSA-9633012|Reactome: R-HSA-9634638|Reactome: R-HSA-9648895|Reactome: R-HSA-9660821|Reactome: R-HSA-9664323|Reactome: R-HSA-9673324|Reactome: R-HSA-983231|Reactome: R-MMU-198693|Reactome: R-MMU-199920|Reactome: R-MMU-2559580|Reactome: R-MMU-2559582|Reactome: R-MMU-2871796|Reactome: R-MMU-3214847|Reactome: R-MMU-375165|Reactome: R-MMU-381033|Reactome: R-MMU-442742|Reactome: R-MMU-450341|Reactome: R-MMU-881907|Reactome: R-MMU-8874211|Reactome: R-MMU-9031628|Reactome: R-MMU-9616222|Reactome: R-MMU-9634638|Reactome: R-MMU-983231|Reactome: R-RNO-198693|Reactome: R-RNO-199920|Reactome: R-RNO-2559580|Reactome: R-RNO-2559582|Reactome: R-RNO-2871796|Reactome: R-RNO-3214847|Reactome: R-RNO-375165|Reactome: R-RNO-381033|Reactome: R-RNO-442742|Reactome: R-RNO-450341|Reactome: R-RNO-881907|Reactome: R-RNO-8874211|Reactome: R-RNO-9031628|Reactome: R-RNO-9616222|Reactome: R-RNO-9634638|Reactome: R-RNO-983231|Reactome: R-SCE-2559580|Reactome: R-SCE-2871796|Reactome: R-SCE-3214847|Reactome: R-SCE-450341|Reactome: R-SPO-3214847|Reactome: R-SPO-450341
Dgigantea.XP_028401211.1	75b3061860e3ec640c5519a8ab6f0c03	201	Pfam	PF07716	Basic region leucine zipper	130	181	1.2E-11	T	22-10-2021	IPR004827	Basic-leucine zipper domain	GO:0003700|GO:0006355	Reactome: R-BTA-2559580|Reactome: R-BTA-2871796|Reactome: R-BTA-450341|Reactome: R-BTA-8874211|Reactome: R-BTA-983231|Reactome: R-CEL-2559580|Reactome: R-CEL-2559582|Reactome: R-CEL-2871796|Reactome: R-CEL-3214847|Reactome: R-CEL-450341|Reactome: R-CEL-8874211|Reactome: R-CEL-9616222|Reactome: R-CEL-983231|Reactome: R-DDI-381033|Reactome: R-DDI-5632684|Reactome: R-DME-198693|Reactome: R-DME-199920|Reactome: R-DME-209394|Reactome: R-DME-209409|Reactome: R-DME-209425|Reactome: R-DME-2559580|Reactome: R-DME-2559582|Reactome: R-DME-2871796|Reactome: R-DME-375165|Reactome: R-DME-390651|Reactome: R-DME-390696|Reactome: R-DME-418555|Reactome: R-DME-442742|Reactome: R-DME-450341|Reactome: R-DME-5689880|Reactome: R-DME-881907|Reactome: R-DME-8856825|Reactome: R-DME-8856828|Reactome: R-DME-9018519|Reactome: R-DME-9616222|Reactome: R-DME-9634638|Reactome: R-DME-983231|Reactome: R-DRE-8874211|Reactome: R-GGA-2559582|Reactome: R-GGA-437986|Reactome: R-HSA-111931|Reactome: R-HSA-111932|Reactome: R-HSA-1368108|Reactome: R-HSA-1912408|Reactome: R-HSA-198693|Reactome: R-HSA-199920|Reactome: R-HSA-210745|Reactome: R-HSA-2151201|Reactome: R-HSA-2173796|Reactome: R-HSA-2197563|Reactome: R-HSA-2559580|Reactome: R-HSA-2559582|Reactome: R-HSA-2871796|Reactome: R-HSA-3214847|Reactome: R-HSA-375165|Reactome: R-HSA-380994|Reactome: R-HSA-381033|Reactome: R-HSA-381038|Reactome: R-HSA-381042|Reactome: R-HSA-381070|Reactome: R-HSA-381183|Reactome: R-HSA-381340|Reactome: R-HSA-400253|Reactome: R-HSA-442720|Reactome: R-HSA-442729|Reactome: R-HSA-442742|Reactome: R-HSA-450341|Reactome: R-HSA-5617472|Reactome: R-HSA-5674400|Reactome: R-HSA-5687128|Reactome: R-HSA-6785807|Reactome: R-HSA-6796648|Reactome: R-HSA-881907|Reactome: R-HSA-8853884|Reactome: R-HSA-8862803|Reactome: R-HSA-8874211|Reactome: R-HSA-8936459|Reactome: R-HSA-8940973|Reactome: R-HSA-8943724|Reactome: R-HSA-8963889|Reactome: R-HSA-9018519|Reactome: R-HSA-9022692|Reactome: R-HSA-9022699|Reactome: R-HSA-9022702|Reactome: R-HSA-9022707|Reactome: R-HSA-9031628|Reactome: R-HSA-9609690|Reactome: R-HSA-9610379|Reactome: R-HSA-9614657|Reactome: R-HSA-9616222|Reactome: R-HSA-9633012|Reactome: R-HSA-9634638|Reactome: R-HSA-9648895|Reactome: R-HSA-9660821|Reactome: R-HSA-9664323|Reactome: R-HSA-9673324|Reactome: R-HSA-983231|Reactome: R-MMU-198693|Reactome: R-MMU-199920|Reactome: R-MMU-2559580|Reactome: R-MMU-2559582|Reactome: R-MMU-2871796|Reactome: R-MMU-3214847|Reactome: R-MMU-375165|Reactome: R-MMU-381033|Reactome: R-MMU-442742|Reactome: R-MMU-450341|Reactome: R-MMU-881907|Reactome: R-MMU-8874211|Reactome: R-MMU-9031628|Reactome: R-MMU-9616222|Reactome: R-MMU-9634638|Reactome: R-MMU-983231|Reactome: R-RNO-198693|Reactome: R-RNO-199920|Reactome: R-RNO-2559580|Reactome: R-RNO-2559582|Reactome: R-RNO-2871796|Reactome: R-RNO-3214847|Reactome: R-RNO-375165|Reactome: R-RNO-381033|Reactome: R-RNO-442742|Reactome: R-RNO-450341|Reactome: R-RNO-881907|Reactome: R-RNO-8874211|Reactome: R-RNO-9031628|Reactome: R-RNO-9616222|Reactome: R-RNO-9634638|Reactome: R-RNO-983231|Reactome: R-SCE-2559580|Reactome: R-SCE-2871796|Reactome: R-SCE-3214847|Reactome: R-SCE-450341|Reactome: R-SPO-3214847|Reactome: R-SPO-450341
Dgigantea.XP_028401709.1	152fcfbceca6b330de4a9fa210ae964a	188	Pfam	PF07716	Basic region leucine zipper	126	178	7.7E-13	T	22-10-2021	IPR004827	Basic-leucine zipper domain	GO:0003700|GO:0006355	Reactome: R-BTA-2559580|Reactome: R-BTA-2871796|Reactome: R-BTA-450341|Reactome: R-BTA-8874211|Reactome: R-BTA-983231|Reactome: R-CEL-2559580|Reactome: R-CEL-2559582|Reactome: R-CEL-2871796|Reactome: R-CEL-3214847|Reactome: R-CEL-450341|Reactome: R-CEL-8874211|Reactome: R-CEL-9616222|Reactome: R-CEL-983231|Reactome: R-DDI-381033|Reactome: R-DDI-5632684|Reactome: R-DME-198693|Reactome: R-DME-199920|Reactome: R-DME-209394|Reactome: R-DME-209409|Reactome: R-DME-209425|Reactome: R-DME-2559580|Reactome: R-DME-2559582|Reactome: R-DME-2871796|Reactome: R-DME-375165|Reactome: R-DME-390651|Reactome: R-DME-390696|Reactome: R-DME-418555|Reactome: R-DME-442742|Reactome: R-DME-450341|Reactome: R-DME-5689880|Reactome: R-DME-881907|Reactome: R-DME-8856825|Reactome: R-DME-8856828|Reactome: R-DME-9018519|Reactome: R-DME-9616222|Reactome: R-DME-9634638|Reactome: R-DME-983231|Reactome: R-DRE-8874211|Reactome: R-GGA-2559582|Reactome: R-GGA-437986|Reactome: R-HSA-111931|Reactome: R-HSA-111932|Reactome: R-HSA-1368108|Reactome: R-HSA-1912408|Reactome: R-HSA-198693|Reactome: R-HSA-199920|Reactome: R-HSA-210745|Reactome: R-HSA-2151201|Reactome: R-HSA-2173796|Reactome: R-HSA-2197563|Reactome: R-HSA-2559580|Reactome: R-HSA-2559582|Reactome: R-HSA-2871796|Reactome: R-HSA-3214847|Reactome: R-HSA-375165|Reactome: R-HSA-380994|Reactome: R-HSA-381033|Reactome: R-HSA-381038|Reactome: R-HSA-381042|Reactome: R-HSA-381070|Reactome: R-HSA-381183|Reactome: R-HSA-381340|Reactome: R-HSA-400253|Reactome: R-HSA-442720|Reactome: R-HSA-442729|Reactome: R-HSA-442742|Reactome: R-HSA-450341|Reactome: R-HSA-5617472|Reactome: R-HSA-5674400|Reactome: R-HSA-5687128|Reactome: R-HSA-6785807|Reactome: R-HSA-6796648|Reactome: R-HSA-881907|Reactome: R-HSA-8853884|Reactome: R-HSA-8862803|Reactome: R-HSA-8874211|Reactome: R-HSA-8936459|Reactome: R-HSA-8940973|Reactome: R-HSA-8943724|Reactome: R-HSA-8963889|Reactome: R-HSA-9018519|Reactome: R-HSA-9022692|Reactome: R-HSA-9022699|Reactome: R-HSA-9022702|Reactome: R-HSA-9022707|Reactome: R-HSA-9031628|Reactome: R-HSA-9609690|Reactome: R-HSA-9610379|Reactome: R-HSA-9614657|Reactome: R-HSA-9616222|Reactome: R-HSA-9633012|Reactome: R-HSA-9634638|Reactome: R-HSA-9648895|Reactome: R-HSA-9660821|Reactome: R-HSA-9664323|Reactome: R-HSA-9673324|Reactome: R-HSA-983231|Reactome: R-MMU-198693|Reactome: R-MMU-199920|Reactome: R-MMU-2559580|Reactome: R-MMU-2559582|Reactome: R-MMU-2871796|Reactome: R-MMU-3214847|Reactome: R-MMU-375165|Reactome: R-MMU-381033|Reactome: R-MMU-442742|Reactome: R-MMU-450341|Reactome: R-MMU-881907|Reactome: R-MMU-8874211|Reactome: R-MMU-9031628|Reactome: R-MMU-9616222|Reactome: R-MMU-9634638|Reactome: R-MMU-983231|Reactome: R-RNO-198693|Reactome: R-RNO-199920|Reactome: R-RNO-2559580|Reactome: R-RNO-2559582|Reactome: R-RNO-2871796|Reactome: R-RNO-3214847|Reactome: R-RNO-375165|Reactome: R-RNO-381033|Reactome: R-RNO-442742|Reactome: R-RNO-450341|Reactome: R-RNO-881907|Reactome: R-RNO-8874211|Reactome: R-RNO-9031628|Reactome: R-RNO-9616222|Reactome: R-RNO-9634638|Reactome: R-RNO-983231|Reactome: R-SCE-2559580|Reactome: R-SCE-2871796|Reactome: R-SCE-3214847|Reactome: R-SCE-450341|Reactome: R-SPO-3214847|Reactome: R-SPO-450341
Hsapiens.NP_001343.2	f32df146b0dfd7b6795c2ea040ee41e7	325	Pfam	PF07716	Basic region leucine zipper	254	307	4.8E-16	T	22-10-2021	IPR004827	Basic-leucine zipper domain	GO:0003700|GO:0006355	Reactome: R-BTA-2559580|Reactome: R-BTA-2871796|Reactome: R-BTA-450341|Reactome: R-BTA-8874211|Reactome: R-BTA-983231|Reactome: R-CEL-2559580|Reactome: R-CEL-2559582|Reactome: R-CEL-2871796|Reactome: R-CEL-3214847|Reactome: R-CEL-450341|Reactome: R-CEL-8874211|Reactome: R-CEL-9616222|Reactome: R-CEL-983231|Reactome: R-DDI-381033|Reactome: R-DDI-5632684|Reactome: R-DME-198693|Reactome: R-DME-199920|Reactome: R-DME-209394|Reactome: R-DME-209409|Reactome: R-DME-209425|Reactome: R-DME-2559580|Reactome: R-DME-2559582|Reactome: R-DME-2871796|Reactome: R-DME-375165|Reactome: R-DME-390651|Reactome: R-DME-390696|Reactome: R-DME-418555|Reactome: R-DME-442742|Reactome: R-DME-450341|Reactome: R-DME-5689880|Reactome: R-DME-881907|Reactome: R-DME-8856825|Reactome: R-DME-8856828|Reactome: R-DME-9018519|Reactome: R-DME-9616222|Reactome: R-DME-9634638|Reactome: R-DME-983231|Reactome: R-DRE-8874211|Reactome: R-GGA-2559582|Reactome: R-GGA-437986|Reactome: R-HSA-111931|Reactome: R-HSA-111932|Reactome: R-HSA-1368108|Reactome: R-HSA-1912408|Reactome: R-HSA-198693|Reactome: R-HSA-199920|Reactome: R-HSA-210745|Reactome: R-HSA-2151201|Reactome: R-HSA-2173796|Reactome: R-HSA-2197563|Reactome: R-HSA-2559580|Reactome: R-HSA-2559582|Reactome: R-HSA-2871796|Reactome: R-HSA-3214847|Reactome: R-HSA-375165|Reactome: R-HSA-380994|Reactome: R-HSA-381033|Reactome: R-HSA-381038|Reactome: R-HSA-381042|Reactome: R-HSA-381070|Reactome: R-HSA-381183|Reactome: R-HSA-381340|Reactome: R-HSA-400253|Reactome: R-HSA-442720|Reactome: R-HSA-442729|Reactome: R-HSA-442742|Reactome: R-HSA-450341|Reactome: R-HSA-5617472|Reactome: R-HSA-5674400|Reactome: R-HSA-5687128|Reactome: R-HSA-6785807|Reactome: R-HSA-6796648|Reactome: R-HSA-881907|Reactome: R-HSA-8853884|Reactome: R-HSA-8862803|Reactome: R-HSA-8874211|Reactome: R-HSA-8936459|Reactome: R-HSA-8940973|Reactome: R-HSA-8943724|Reactome: R-HSA-8963889|Reactome: R-HSA-9018519|Reactome: R-HSA-9022692|Reactome: R-HSA-9022699|Reactome: R-HSA-9022702|Reactome: R-HSA-9022707|Reactome: R-HSA-9031628|Reactome: R-HSA-9609690|Reactome: R-HSA-9610379|Reactome: R-HSA-9614657|Reactome: R-HSA-9616222|Reactome: R-HSA-9633012|Reactome: R-HSA-9634638|Reactome: R-HSA-9648895|Reactome: R-HSA-9660821|Reactome: R-HSA-9664323|Reactome: R-HSA-9673324|Reactome: R-HSA-983231|Reactome: R-MMU-198693|Reactome: R-MMU-199920|Reactome: R-MMU-2559580|Reactome: R-MMU-2559582|Reactome: R-MMU-2871796|Reactome: R-MMU-3214847|Reactome: R-MMU-375165|Reactome: R-MMU-381033|Reactome: R-MMU-442742|Reactome: R-MMU-450341|Reactome: R-MMU-881907|Reactome: R-MMU-8874211|Reactome: R-MMU-9031628|Reactome: R-MMU-9616222|Reactome: R-MMU-9634638|Reactome: R-MMU-983231|Reactome: R-RNO-198693|Reactome: R-RNO-199920|Reactome: R-RNO-2559580|Reactome: R-RNO-2559582|Reactome: R-RNO-2871796|Reactome: R-RNO-3214847|Reactome: R-RNO-375165|Reactome: R-RNO-381033|Reactome: R-RNO-442742|Reactome: R-RNO-450341|Reactome: R-RNO-881907|Reactome: R-RNO-8874211|Reactome: R-RNO-9031628|Reactome: R-RNO-9616222|Reactome: R-RNO-9634638|Reactome: R-RNO-983231|Reactome: R-SCE-2559580|Reactome: R-SCE-2871796|Reactome: R-SCE-3214847|Reactome: R-SCE-450341|Reactome: R-SPO-3214847|Reactome: R-SPO-450341
Hsapiens.NP_002117.1	f55e3c1bf437c05f5dd8ec6a0086ffbb	295	Pfam	PF07716	Basic region leucine zipper	224	277	2.5E-17	T	22-10-2021	IPR004827	Basic-leucine zipper domain	GO:0003700|GO:0006355	Reactome: R-BTA-2559580|Reactome: R-BTA-2871796|Reactome: R-BTA-450341|Reactome: R-BTA-8874211|Reactome: R-BTA-983231|Reactome: R-CEL-2559580|Reactome: R-CEL-2559582|Reactome: R-CEL-2871796|Reactome: R-CEL-3214847|Reactome: R-CEL-450341|Reactome: R-CEL-8874211|Reactome: R-CEL-9616222|Reactome: R-CEL-983231|Reactome: R-DDI-381033|Reactome: R-DDI-5632684|Reactome: R-DME-198693|Reactome: R-DME-199920|Reactome: R-DME-209394|Reactome: R-DME-209409|Reactome: R-DME-209425|Reactome: R-DME-2559580|Reactome: R-DME-2559582|Reactome: R-DME-2871796|Reactome: R-DME-375165|Reactome: R-DME-390651|Reactome: R-DME-390696|Reactome: R-DME-418555|Reactome: R-DME-442742|Reactome: R-DME-450341|Reactome: R-DME-5689880|Reactome: R-DME-881907|Reactome: R-DME-8856825|Reactome: R-DME-8856828|Reactome: R-DME-9018519|Reactome: R-DME-9616222|Reactome: R-DME-9634638|Reactome: R-DME-983231|Reactome: R-DRE-8874211|Reactome: R-GGA-2559582|Reactome: R-GGA-437986|Reactome: R-HSA-111931|Reactome: R-HSA-111932|Reactome: R-HSA-1368108|Reactome: R-HSA-1912408|Reactome: R-HSA-198693|Reactome: R-HSA-199920|Reactome: R-HSA-210745|Reactome: R-HSA-2151201|Reactome: R-HSA-2173796|Reactome: R-HSA-2197563|Reactome: R-HSA-2559580|Reactome: R-HSA-2559582|Reactome: R-HSA-2871796|Reactome: R-HSA-3214847|Reactome: R-HSA-375165|Reactome: R-HSA-380994|Reactome: R-HSA-381033|Reactome: R-HSA-381038|Reactome: R-HSA-381042|Reactome: R-HSA-381070|Reactome: R-HSA-381183|Reactome: R-HSA-381340|Reactome: R-HSA-400253|Reactome: R-HSA-442720|Reactome: R-HSA-442729|Reactome: R-HSA-442742|Reactome: R-HSA-450341|Reactome: R-HSA-5617472|Reactome: R-HSA-5674400|Reactome: R-HSA-5687128|Reactome: R-HSA-6785807|Reactome: R-HSA-6796648|Reactome: R-HSA-881907|Reactome: R-HSA-8853884|Reactome: R-HSA-8862803|Reactome: R-HSA-8874211|Reactome: R-HSA-8936459|Reactome: R-HSA-8940973|Reactome: R-HSA-8943724|Reactome: R-HSA-8963889|Reactome: R-HSA-9018519|Reactome: R-HSA-9022692|Reactome: R-HSA-9022699|Reactome: R-HSA-9022702|Reactome: R-HSA-9022707|Reactome: R-HSA-9031628|Reactome: R-HSA-9609690|Reactome: R-HSA-9610379|Reactome: R-HSA-9614657|Reactome: R-HSA-9616222|Reactome: R-HSA-9633012|Reactome: R-HSA-9634638|Reactome: R-HSA-9648895|Reactome: R-HSA-9660821|Reactome: R-HSA-9664323|Reactome: R-HSA-9673324|Reactome: R-HSA-983231|Reactome: R-MMU-198693|Reactome: R-MMU-199920|Reactome: R-MMU-2559580|Reactome: R-MMU-2559582|Reactome: R-MMU-2871796|Reactome: R-MMU-3214847|Reactome: R-MMU-375165|Reactome: R-MMU-381033|Reactome: R-MMU-442742|Reactome: R-MMU-450341|Reactome: R-MMU-881907|Reactome: R-MMU-8874211|Reactome: R-MMU-9031628|Reactome: R-MMU-9616222|Reactome: R-MMU-9634638|Reactome: R-MMU-983231|Reactome: R-RNO-198693|Reactome: R-RNO-199920|Reactome: R-RNO-2559580|Reactome: R-RNO-2559582|Reactome: R-RNO-2871796|Reactome: R-RNO-3214847|Reactome: R-RNO-375165|Reactome: R-RNO-381033|Reactome: R-RNO-442742|Reactome: R-RNO-450341|Reactome: R-RNO-881907|Reactome: R-RNO-8874211|Reactome: R-RNO-9031628|Reactome: R-RNO-9616222|Reactome: R-RNO-9634638|Reactome: R-RNO-983231|Reactome: R-SCE-2559580|Reactome: R-SCE-2871796|Reactome: R-SCE-3214847|Reactome: R-SCE-450341|Reactome: R-SPO-3214847|Reactome: R-SPO-450341
Hsapiens.NP_003207.1	9930e7dee34fe6cb09cc0e539f72e590	303	Pfam	PF07716	Basic region leucine zipper	232	285	9.4E-16	T	22-10-2021	IPR004827	Basic-leucine zipper domain	GO:0003700|GO:0006355	Reactome: R-BTA-2559580|Reactome: R-BTA-2871796|Reactome: R-BTA-450341|Reactome: R-BTA-8874211|Reactome: R-BTA-983231|Reactome: R-CEL-2559580|Reactome: R-CEL-2559582|Reactome: R-CEL-2871796|Reactome: R-CEL-3214847|Reactome: R-CEL-450341|Reactome: R-CEL-8874211|Reactome: R-CEL-9616222|Reactome: R-CEL-983231|Reactome: R-DDI-381033|Reactome: R-DDI-5632684|Reactome: R-DME-198693|Reactome: R-DME-199920|Reactome: R-DME-209394|Reactome: R-DME-209409|Reactome: R-DME-209425|Reactome: R-DME-2559580|Reactome: R-DME-2559582|Reactome: R-DME-2871796|Reactome: R-DME-375165|Reactome: R-DME-390651|Reactome: R-DME-390696|Reactome: R-DME-418555|Reactome: R-DME-442742|Reactome: R-DME-450341|Reactome: R-DME-5689880|Reactome: R-DME-881907|Reactome: R-DME-8856825|Reactome: R-DME-8856828|Reactome: R-DME-9018519|Reactome: R-DME-9616222|Reactome: R-DME-9634638|Reactome: R-DME-983231|Reactome: R-DRE-8874211|Reactome: R-GGA-2559582|Reactome: R-GGA-437986|Reactome: R-HSA-111931|Reactome: R-HSA-111932|Reactome: R-HSA-1368108|Reactome: R-HSA-1912408|Reactome: R-HSA-198693|Reactome: R-HSA-199920|Reactome: R-HSA-210745|Reactome: R-HSA-2151201|Reactome: R-HSA-2173796|Reactome: R-HSA-2197563|Reactome: R-HSA-2559580|Reactome: R-HSA-2559582|Reactome: R-HSA-2871796|Reactome: R-HSA-3214847|Reactome: R-HSA-375165|Reactome: R-HSA-380994|Reactome: R-HSA-381033|Reactome: R-HSA-381038|Reactome: R-HSA-381042|Reactome: R-HSA-381070|Reactome: R-HSA-381183|Reactome: R-HSA-381340|Reactome: R-HSA-400253|Reactome: R-HSA-442720|Reactome: R-HSA-442729|Reactome: R-HSA-442742|Reactome: R-HSA-450341|Reactome: R-HSA-5617472|Reactome: R-HSA-5674400|Reactome: R-HSA-5687128|Reactome: R-HSA-6785807|Reactome: R-HSA-6796648|Reactome: R-HSA-881907|Reactome: R-HSA-8853884|Reactome: R-HSA-8862803|Reactome: R-HSA-8874211|Reactome: R-HSA-8936459|Reactome: R-HSA-8940973|Reactome: R-HSA-8943724|Reactome: R-HSA-8963889|Reactome: R-HSA-9018519|Reactome: R-HSA-9022692|Reactome: R-HSA-9022699|Reactome: R-HSA-9022702|Reactome: R-HSA-9022707|Reactome: R-HSA-9031628|Reactome: R-HSA-9609690|Reactome: R-HSA-9610379|Reactome: R-HSA-9614657|Reactome: R-HSA-9616222|Reactome: R-HSA-9633012|Reactome: R-HSA-9634638|Reactome: R-HSA-9648895|Reactome: R-HSA-9660821|Reactome: R-HSA-9664323|Reactome: R-HSA-9673324|Reactome: R-HSA-983231|Reactome: R-MMU-198693|Reactome: R-MMU-199920|Reactome: R-MMU-2559580|Reactome: R-MMU-2559582|Reactome: R-MMU-2871796|Reactome: R-MMU-3214847|Reactome: R-MMU-375165|Reactome: R-MMU-381033|Reactome: R-MMU-442742|Reactome: R-MMU-450341|Reactome: R-MMU-881907|Reactome: R-MMU-8874211|Reactome: R-MMU-9031628|Reactome: R-MMU-9616222|Reactome: R-MMU-9634638|Reactome: R-MMU-983231|Reactome: R-RNO-198693|Reactome: R-RNO-199920|Reactome: R-RNO-2559580|Reactome: R-RNO-2559582|Reactome: R-RNO-2871796|Reactome: R-RNO-3214847|Reactome: R-RNO-375165|Reactome: R-RNO-381033|Reactome: R-RNO-442742|Reactome: R-RNO-450341|Reactome: R-RNO-881907|Reactome: R-RNO-8874211|Reactome: R-RNO-9031628|Reactome: R-RNO-9616222|Reactome: R-RNO-9634638|Reactome: R-RNO-983231|Reactome: R-SCE-2559580|Reactome: R-SCE-2871796|Reactome: R-SCE-3214847|Reactome: R-SCE-450341|Reactome: R-SPO-3214847|Reactome: R-SPO-450341
Hvulgaris.XP_002167159.1	5f96bcd06afb9d692f09e5224226e1fd	195	Pfam	PF07716	Basic region leucine zipper	121	172	6.6E-11	T	22-10-2021	IPR004827	Basic-leucine zipper domain	GO:0003700|GO:0006355	Reactome: R-BTA-2559580|Reactome: R-BTA-2871796|Reactome: R-BTA-450341|Reactome: R-BTA-8874211|Reactome: R-BTA-983231|Reactome: R-CEL-2559580|Reactome: R-CEL-2559582|Reactome: R-CEL-2871796|Reactome: R-CEL-3214847|Reactome: R-CEL-450341|Reactome: R-CEL-8874211|Reactome: R-CEL-9616222|Reactome: R-CEL-983231|Reactome: R-DDI-381033|Reactome: R-DDI-5632684|Reactome: R-DME-198693|Reactome: R-DME-199920|Reactome: R-DME-209394|Reactome: R-DME-209409|Reactome: R-DME-209425|Reactome: R-DME-2559580|Reactome: R-DME-2559582|Reactome: R-DME-2871796|Reactome: R-DME-375165|Reactome: R-DME-390651|Reactome: R-DME-390696|Reactome: R-DME-418555|Reactome: R-DME-442742|Reactome: R-DME-450341|Reactome: R-DME-5689880|Reactome: R-DME-881907|Reactome: R-DME-8856825|Reactome: R-DME-8856828|Reactome: R-DME-9018519|Reactome: R-DME-9616222|Reactome: R-DME-9634638|Reactome: R-DME-983231|Reactome: R-DRE-8874211|Reactome: R-GGA-2559582|Reactome: R-GGA-437986|Reactome: R-HSA-111931|Reactome: R-HSA-111932|Reactome: R-HSA-1368108|Reactome: R-HSA-1912408|Reactome: R-HSA-198693|Reactome: R-HSA-199920|Reactome: R-HSA-210745|Reactome: R-HSA-2151201|Reactome: R-HSA-2173796|Reactome: R-HSA-2197563|Reactome: R-HSA-2559580|Reactome: R-HSA-2559582|Reactome: R-HSA-2871796|Reactome: R-HSA-3214847|Reactome: R-HSA-375165|Reactome: R-HSA-380994|Reactome: R-HSA-381033|Reactome: R-HSA-381038|Reactome: R-HSA-381042|Reactome: R-HSA-381070|Reactome: R-HSA-381183|Reactome: R-HSA-381340|Reactome: R-HSA-400253|Reactome: R-HSA-442720|Reactome: R-HSA-442729|Reactome: R-HSA-442742|Reactome: R-HSA-450341|Reactome: R-HSA-5617472|Reactome: R-HSA-5674400|Reactome: R-HSA-5687128|Reactome: R-HSA-6785807|Reactome: R-HSA-6796648|Reactome: R-HSA-881907|Reactome: R-HSA-8853884|Reactome: R-HSA-8862803|Reactome: R-HSA-8874211|Reactome: R-HSA-8936459|Reactome: R-HSA-8940973|Reactome: R-HSA-8943724|Reactome: R-HSA-8963889|Reactome: R-HSA-9018519|Reactome: R-HSA-9022692|Reactome: R-HSA-9022699|Reactome: R-HSA-9022702|Reactome: R-HSA-9022707|Reactome: R-HSA-9031628|Reactome: R-HSA-9609690|Reactome: R-HSA-9610379|Reactome: R-HSA-9614657|Reactome: R-HSA-9616222|Reactome: R-HSA-9633012|Reactome: R-HSA-9634638|Reactome: R-HSA-9648895|Reactome: R-HSA-9660821|Reactome: R-HSA-9664323|Reactome: R-HSA-9673324|Reactome: R-HSA-983231|Reactome: R-MMU-198693|Reactome: R-MMU-199920|Reactome: R-MMU-2559580|Reactome: R-MMU-2559582|Reactome: R-MMU-2871796|Reactome: R-MMU-3214847|Reactome: R-MMU-375165|Reactome: R-MMU-381033|Reactome: R-MMU-442742|Reactome: R-MMU-450341|Reactome: R-MMU-881907|Reactome: R-MMU-8874211|Reactome: R-MMU-9031628|Reactome: R-MMU-9616222|Reactome: R-MMU-9634638|Reactome: R-MMU-983231|Reactome: R-RNO-198693|Reactome: R-RNO-199920|Reactome: R-RNO-2559580|Reactome: R-RNO-2559582|Reactome: R-RNO-2871796|Reactome: R-RNO-3214847|Reactome: R-RNO-375165|Reactome: R-RNO-381033|Reactome: R-RNO-442742|Reactome: R-RNO-450341|Reactome: R-RNO-881907|Reactome: R-RNO-8874211|Reactome: R-RNO-9031628|Reactome: R-RNO-9616222|Reactome: R-RNO-9634638|Reactome: R-RNO-983231|Reactome: R-SCE-2559580|Reactome: R-SCE-2871796|Reactome: R-SCE-3214847|Reactome: R-SCE-450341|Reactome: R-SPO-3214847|Reactome: R-SPO-450341
Hvulgaris.XP_012556167.1	7bde2176de3e509147e5c5142c1303e2	266	Pfam	PF07716	Basic region leucine zipper	191	241	1.1E-6	T	22-10-2021	IPR004827	Basic-leucine zipper domain	GO:0003700|GO:0006355	Reactome: R-BTA-2559580|Reactome: R-BTA-2871796|Reactome: R-BTA-450341|Reactome: R-BTA-8874211|Reactome: R-BTA-983231|Reactome: R-CEL-2559580|Reactome: R-CEL-2559582|Reactome: R-CEL-2871796|Reactome: R-CEL-3214847|Reactome: R-CEL-450341|Reactome: R-CEL-8874211|Reactome: R-CEL-9616222|Reactome: R-CEL-983231|Reactome: R-DDI-381033|Reactome: R-DDI-5632684|Reactome: R-DME-198693|Reactome: R-DME-199920|Reactome: R-DME-209394|Reactome: R-DME-209409|Reactome: R-DME-209425|Reactome: R-DME-2559580|Reactome: R-DME-2559582|Reactome: R-DME-2871796|Reactome: R-DME-375165|Reactome: R-DME-390651|Reactome: R-DME-390696|Reactome: R-DME-418555|Reactome: R-DME-442742|Reactome: R-DME-450341|Reactome: R-DME-5689880|Reactome: R-DME-881907|Reactome: R-DME-8856825|Reactome: R-DME-8856828|Reactome: R-DME-9018519|Reactome: R-DME-9616222|Reactome: R-DME-9634638|Reactome: R-DME-983231|Reactome: R-DRE-8874211|Reactome: R-GGA-2559582|Reactome: R-GGA-437986|Reactome: R-HSA-111931|Reactome: R-HSA-111932|Reactome: R-HSA-1368108|Reactome: R-HSA-1912408|Reactome: R-HSA-198693|Reactome: R-HSA-199920|Reactome: R-HSA-210745|Reactome: R-HSA-2151201|Reactome: R-HSA-2173796|Reactome: R-HSA-2197563|Reactome: R-HSA-2559580|Reactome: R-HSA-2559582|Reactome: R-HSA-2871796|Reactome: R-HSA-3214847|Reactome: R-HSA-375165|Reactome: R-HSA-380994|Reactome: R-HSA-381033|Reactome: R-HSA-381038|Reactome: R-HSA-381042|Reactome: R-HSA-381070|Reactome: R-HSA-381183|Reactome: R-HSA-381340|Reactome: R-HSA-400253|Reactome: R-HSA-442720|Reactome: R-HSA-442729|Reactome: R-HSA-442742|Reactome: R-HSA-450341|Reactome: R-HSA-5617472|Reactome: R-HSA-5674400|Reactome: R-HSA-5687128|Reactome: R-HSA-6785807|Reactome: R-HSA-6796648|Reactome: R-HSA-881907|Reactome: R-HSA-8853884|Reactome: R-HSA-8862803|Reactome: R-HSA-8874211|Reactome: R-HSA-8936459|Reactome: R-HSA-8940973|Reactome: R-HSA-8943724|Reactome: R-HSA-8963889|Reactome: R-HSA-9018519|Reactome: R-HSA-9022692|Reactome: R-HSA-9022699|Reactome: R-HSA-9022702|Reactome: R-HSA-9022707|Reactome: R-HSA-9031628|Reactome: R-HSA-9609690|Reactome: R-HSA-9610379|Reactome: R-HSA-9614657|Reactome: R-HSA-9616222|Reactome: R-HSA-9633012|Reactome: R-HSA-9634638|Reactome: R-HSA-9648895|Reactome: R-HSA-9660821|Reactome: R-HSA-9664323|Reactome: R-HSA-9673324|Reactome: R-HSA-983231|Reactome: R-MMU-198693|Reactome: R-MMU-199920|Reactome: R-MMU-2559580|Reactome: R-MMU-2559582|Reactome: R-MMU-2871796|Reactome: R-MMU-3214847|Reactome: R-MMU-375165|Reactome: R-MMU-381033|Reactome: R-MMU-442742|Reactome: R-MMU-450341|Reactome: R-MMU-881907|Reactome: R-MMU-8874211|Reactome: R-MMU-9031628|Reactome: R-MMU-9616222|Reactome: R-MMU-9634638|Reactome: R-MMU-983231|Reactome: R-RNO-198693|Reactome: R-RNO-199920|Reactome: R-RNO-2559580|Reactome: R-RNO-2559582|Reactome: R-RNO-2871796|Reactome: R-RNO-3214847|Reactome: R-RNO-375165|Reactome: R-RNO-381033|Reactome: R-RNO-442742|Reactome: R-RNO-450341|Reactome: R-RNO-881907|Reactome: R-RNO-8874211|Reactome: R-RNO-9031628|Reactome: R-RNO-9616222|Reactome: R-RNO-9634638|Reactome: R-RNO-983231|Reactome: R-SCE-2559580|Reactome: R-SCE-2871796|Reactome: R-SCE-3214847|Reactome: R-SCE-450341|Reactome: R-SPO-3214847|Reactome: R-SPO-450341
Myessoensis.XP_021343977.1	5dcde616ecdbfb01b02919c40f1c6924	248	Pfam	PF07716	Basic region leucine zipper	184	237	1.3E-16	T	22-10-2021	IPR004827	Basic-leucine zipper domain	GO:0003700|GO:0006355	Reactome: R-BTA-2559580|Reactome: R-BTA-2871796|Reactome: R-BTA-450341|Reactome: R-BTA-8874211|Reactome: R-BTA-983231|Reactome: R-CEL-2559580|Reactome: R-CEL-2559582|Reactome: R-CEL-2871796|Reactome: R-CEL-3214847|Reactome: R-CEL-450341|Reactome: R-CEL-8874211|Reactome: R-CEL-9616222|Reactome: R-CEL-983231|Reactome: R-DDI-381033|Reactome: R-DDI-5632684|Reactome: R-DME-198693|Reactome: R-DME-199920|Reactome: R-DME-209394|Reactome: R-DME-209409|Reactome: R-DME-209425|Reactome: R-DME-2559580|Reactome: R-DME-2559582|Reactome: R-DME-2871796|Reactome: R-DME-375165|Reactome: R-DME-390651|Reactome: R-DME-390696|Reactome: R-DME-418555|Reactome: R-DME-442742|Reactome: R-DME-450341|Reactome: R-DME-5689880|Reactome: R-DME-881907|Reactome: R-DME-8856825|Reactome: R-DME-8856828|Reactome: R-DME-9018519|Reactome: R-DME-9616222|Reactome: R-DME-9634638|Reactome: R-DME-983231|Reactome: R-DRE-8874211|Reactome: R-GGA-2559582|Reactome: R-GGA-437986|Reactome: R-HSA-111931|Reactome: R-HSA-111932|Reactome: R-HSA-1368108|Reactome: R-HSA-1912408|Reactome: R-HSA-198693|Reactome: R-HSA-199920|Reactome: R-HSA-210745|Reactome: R-HSA-2151201|Reactome: R-HSA-2173796|Reactome: R-HSA-2197563|Reactome: R-HSA-2559580|Reactome: R-HSA-2559582|Reactome: R-HSA-2871796|Reactome: R-HSA-3214847|Reactome: R-HSA-375165|Reactome: R-HSA-380994|Reactome: R-HSA-381033|Reactome: R-HSA-381038|Reactome: R-HSA-381042|Reactome: R-HSA-381070|Reactome: R-HSA-381183|Reactome: R-HSA-381340|Reactome: R-HSA-400253|Reactome: R-HSA-442720|Reactome: R-HSA-442729|Reactome: R-HSA-442742|Reactome: R-HSA-450341|Reactome: R-HSA-5617472|Reactome: R-HSA-5674400|Reactome: R-HSA-5687128|Reactome: R-HSA-6785807|Reactome: R-HSA-6796648|Reactome: R-HSA-881907|Reactome: R-HSA-8853884|Reactome: R-HSA-8862803|Reactome: R-HSA-8874211|Reactome: R-HSA-8936459|Reactome: R-HSA-8940973|Reactome: R-HSA-8943724|Reactome: R-HSA-8963889|Reactome: R-HSA-9018519|Reactome: R-HSA-9022692|Reactome: R-HSA-9022699|Reactome: R-HSA-9022702|Reactome: R-HSA-9022707|Reactome: R-HSA-9031628|Reactome: R-HSA-9609690|Reactome: R-HSA-9610379|Reactome: R-HSA-9614657|Reactome: R-HSA-9616222|Reactome: R-HSA-9633012|Reactome: R-HSA-9634638|Reactome: R-HSA-9648895|Reactome: R-HSA-9660821|Reactome: R-HSA-9664323|Reactome: R-HSA-9673324|Reactome: R-HSA-983231|Reactome: R-MMU-198693|Reactome: R-MMU-199920|Reactome: R-MMU-2559580|Reactome: R-MMU-2559582|Reactome: R-MMU-2871796|Reactome: R-MMU-3214847|Reactome: R-MMU-375165|Reactome: R-MMU-381033|Reactome: R-MMU-442742|Reactome: R-MMU-450341|Reactome: R-MMU-881907|Reactome: R-MMU-8874211|Reactome: R-MMU-9031628|Reactome: R-MMU-9616222|Reactome: R-MMU-9634638|Reactome: R-MMU-983231|Reactome: R-RNO-198693|Reactome: R-RNO-199920|Reactome: R-RNO-2559580|Reactome: R-RNO-2559582|Reactome: R-RNO-2871796|Reactome: R-RNO-3214847|Reactome: R-RNO-375165|Reactome: R-RNO-381033|Reactome: R-RNO-442742|Reactome: R-RNO-450341|Reactome: R-RNO-881907|Reactome: R-RNO-8874211|Reactome: R-RNO-9031628|Reactome: R-RNO-9616222|Reactome: R-RNO-9634638|Reactome: R-RNO-983231|Reactome: R-SCE-2559580|Reactome: R-SCE-2871796|Reactome: R-SCE-3214847|Reactome: R-SCE-450341|Reactome: R-SPO-3214847|Reactome: R-SPO-450341
Myessoensis.XP_021349705.1	10436edefe4d5c866cc2431498f9d6ec	384	Pfam	PF07716	Basic region leucine zipper	320	373	2.8E-15	T	22-10-2021	IPR004827	Basic-leucine zipper domain	GO:0003700|GO:0006355	Reactome: R-BTA-2559580|Reactome: R-BTA-2871796|Reactome: R-BTA-450341|Reactome: R-BTA-8874211|Reactome: R-BTA-983231|Reactome: R-CEL-2559580|Reactome: R-CEL-2559582|Reactome: R-CEL-2871796|Reactome: R-CEL-3214847|Reactome: R-CEL-450341|Reactome: R-CEL-8874211|Reactome: R-CEL-9616222|Reactome: R-CEL-983231|Reactome: R-DDI-381033|Reactome: R-DDI-5632684|Reactome: R-DME-198693|Reactome: R-DME-199920|Reactome: R-DME-209394|Reactome: R-DME-209409|Reactome: R-DME-209425|Reactome: R-DME-2559580|Reactome: R-DME-2559582|Reactome: R-DME-2871796|Reactome: R-DME-375165|Reactome: R-DME-390651|Reactome: R-DME-390696|Reactome: R-DME-418555|Reactome: R-DME-442742|Reactome: R-DME-450341|Reactome: R-DME-5689880|Reactome: R-DME-881907|Reactome: R-DME-8856825|Reactome: R-DME-8856828|Reactome: R-DME-9018519|Reactome: R-DME-9616222|Reactome: R-DME-9634638|Reactome: R-DME-983231|Reactome: R-DRE-8874211|Reactome: R-GGA-2559582|Reactome: R-GGA-437986|Reactome: R-HSA-111931|Reactome: R-HSA-111932|Reactome: R-HSA-1368108|Reactome: R-HSA-1912408|Reactome: R-HSA-198693|Reactome: R-HSA-199920|Reactome: R-HSA-210745|Reactome: R-HSA-2151201|Reactome: R-HSA-2173796|Reactome: R-HSA-2197563|Reactome: R-HSA-2559580|Reactome: R-HSA-2559582|Reactome: R-HSA-2871796|Reactome: R-HSA-3214847|Reactome: R-HSA-375165|Reactome: R-HSA-380994|Reactome: R-HSA-381033|Reactome: R-HSA-381038|Reactome: R-HSA-381042|Reactome: R-HSA-381070|Reactome: R-HSA-381183|Reactome: R-HSA-381340|Reactome: R-HSA-400253|Reactome: R-HSA-442720|Reactome: R-HSA-442729|Reactome: R-HSA-442742|Reactome: R-HSA-450341|Reactome: R-HSA-5617472|Reactome: R-HSA-5674400|Reactome: R-HSA-5687128|Reactome: R-HSA-6785807|Reactome: R-HSA-6796648|Reactome: R-HSA-881907|Reactome: R-HSA-8853884|Reactome: R-HSA-8862803|Reactome: R-HSA-8874211|Reactome: R-HSA-8936459|Reactome: R-HSA-8940973|Reactome: R-HSA-8943724|Reactome: R-HSA-8963889|Reactome: R-HSA-9018519|Reactome: R-HSA-9022692|Reactome: R-HSA-9022699|Reactome: R-HSA-9022702|Reactome: R-HSA-9022707|Reactome: R-HSA-9031628|Reactome: R-HSA-9609690|Reactome: R-HSA-9610379|Reactome: R-HSA-9614657|Reactome: R-HSA-9616222|Reactome: R-HSA-9633012|Reactome: R-HSA-9634638|Reactome: R-HSA-9648895|Reactome: R-HSA-9660821|Reactome: R-HSA-9664323|Reactome: R-HSA-9673324|Reactome: R-HSA-983231|Reactome: R-MMU-198693|Reactome: R-MMU-199920|Reactome: R-MMU-2559580|Reactome: R-MMU-2559582|Reactome: R-MMU-2871796|Reactome: R-MMU-3214847|Reactome: R-MMU-375165|Reactome: R-MMU-381033|Reactome: R-MMU-442742|Reactome: R-MMU-450341|Reactome: R-MMU-881907|Reactome: R-MMU-8874211|Reactome: R-MMU-9031628|Reactome: R-MMU-9616222|Reactome: R-MMU-9634638|Reactome: R-MMU-983231|Reactome: R-RNO-198693|Reactome: R-RNO-199920|Reactome: R-RNO-2559580|Reactome: R-RNO-2559582|Reactome: R-RNO-2871796|Reactome: R-RNO-3214847|Reactome: R-RNO-375165|Reactome: R-RNO-381033|Reactome: R-RNO-442742|Reactome: R-RNO-450341|Reactome: R-RNO-881907|Reactome: R-RNO-8874211|Reactome: R-RNO-9031628|Reactome: R-RNO-9616222|Reactome: R-RNO-9634638|Reactome: R-RNO-983231|Reactome: R-SCE-2559580|Reactome: R-SCE-2871796|Reactome: R-SCE-3214847|Reactome: R-SCE-450341|Reactome: R-SPO-3214847|Reactome: R-SPO-450341
Myessoensis.XP_021354724.1	7ce38fb9afa301432058f6fb382a2d4d	569	Pfam	PF07716	Basic region leucine zipper	498	550	6.9E-9	T	22-10-2021	IPR004827	Basic-leucine zipper domain	GO:0003700|GO:0006355	Reactome: R-BTA-2559580|Reactome: R-BTA-2871796|Reactome: R-BTA-450341|Reactome: R-BTA-8874211|Reactome: R-BTA-983231|Reactome: R-CEL-2559580|Reactome: R-CEL-2559582|Reactome: R-CEL-2871796|Reactome: R-CEL-3214847|Reactome: R-CEL-450341|Reactome: R-CEL-8874211|Reactome: R-CEL-9616222|Reactome: R-CEL-983231|Reactome: R-DDI-381033|Reactome: R-DDI-5632684|Reactome: R-DME-198693|Reactome: R-DME-199920|Reactome: R-DME-209394|Reactome: R-DME-209409|Reactome: R-DME-209425|Reactome: R-DME-2559580|Reactome: R-DME-2559582|Reactome: R-DME-2871796|Reactome: R-DME-375165|Reactome: R-DME-390651|Reactome: R-DME-390696|Reactome: R-DME-418555|Reactome: R-DME-442742|Reactome: R-DME-450341|Reactome: R-DME-5689880|Reactome: R-DME-881907|Reactome: R-DME-8856825|Reactome: R-DME-8856828|Reactome: R-DME-9018519|Reactome: R-DME-9616222|Reactome: R-DME-9634638|Reactome: R-DME-983231|Reactome: R-DRE-8874211|Reactome: R-GGA-2559582|Reactome: R-GGA-437986|Reactome: R-HSA-111931|Reactome: R-HSA-111932|Reactome: R-HSA-1368108|Reactome: R-HSA-1912408|Reactome: R-HSA-198693|Reactome: R-HSA-199920|Reactome: R-HSA-210745|Reactome: R-HSA-2151201|Reactome: R-HSA-2173796|Reactome: R-HSA-2197563|Reactome: R-HSA-2559580|Reactome: R-HSA-2559582|Reactome: R-HSA-2871796|Reactome: R-HSA-3214847|Reactome: R-HSA-375165|Reactome: R-HSA-380994|Reactome: R-HSA-381033|Reactome: R-HSA-381038|Reactome: R-HSA-381042|Reactome: R-HSA-381070|Reactome: R-HSA-381183|Reactome: R-HSA-381340|Reactome: R-HSA-400253|Reactome: R-HSA-442720|Reactome: R-HSA-442729|Reactome: R-HSA-442742|Reactome: R-HSA-450341|Reactome: R-HSA-5617472|Reactome: R-HSA-5674400|Reactome: R-HSA-5687128|Reactome: R-HSA-6785807|Reactome: R-HSA-6796648|Reactome: R-HSA-881907|Reactome: R-HSA-8853884|Reactome: R-HSA-8862803|Reactome: R-HSA-8874211|Reactome: R-HSA-8936459|Reactome: R-HSA-8940973|Reactome: R-HSA-8943724|Reactome: R-HSA-8963889|Reactome: R-HSA-9018519|Reactome: R-HSA-9022692|Reactome: R-HSA-9022699|Reactome: R-HSA-9022702|Reactome: R-HSA-9022707|Reactome: R-HSA-9031628|Reactome: R-HSA-9609690|Reactome: R-HSA-9610379|Reactome: R-HSA-9614657|Reactome: R-HSA-9616222|Reactome: R-HSA-9633012|Reactome: R-HSA-9634638|Reactome: R-HSA-9648895|Reactome: R-HSA-9660821|Reactome: R-HSA-9664323|Reactome: R-HSA-9673324|Reactome: R-HSA-983231|Reactome: R-MMU-198693|Reactome: R-MMU-199920|Reactome: R-MMU-2559580|Reactome: R-MMU-2559582|Reactome: R-MMU-2871796|Reactome: R-MMU-3214847|Reactome: R-MMU-375165|Reactome: R-MMU-381033|Reactome: R-MMU-442742|Reactome: R-MMU-450341|Reactome: R-MMU-881907|Reactome: R-MMU-8874211|Reactome: R-MMU-9031628|Reactome: R-MMU-9616222|Reactome: R-MMU-9634638|Reactome: R-MMU-983231|Reactome: R-RNO-198693|Reactome: R-RNO-199920|Reactome: R-RNO-2559580|Reactome: R-RNO-2559582|Reactome: R-RNO-2871796|Reactome: R-RNO-3214847|Reactome: R-RNO-375165|Reactome: R-RNO-381033|Reactome: R-RNO-442742|Reactome: R-RNO-450341|Reactome: R-RNO-881907|Reactome: R-RNO-8874211|Reactome: R-RNO-9031628|Reactome: R-RNO-9616222|Reactome: R-RNO-9634638|Reactome: R-RNO-983231|Reactome: R-SCE-2559580|Reactome: R-SCE-2871796|Reactome: R-SCE-3214847|Reactome: R-SCE-450341|Reactome: R-SPO-3214847|Reactome: R-SPO-450341
Myessoensis.XP_021354724.1	7ce38fb9afa301432058f6fb382a2d4d	569	Pfam	PF07716	Basic region leucine zipper	135	187	7.3E-15	T	22-10-2021	IPR004827	Basic-leucine zipper domain	GO:0003700|GO:0006355	Reactome: R-BTA-2559580|Reactome: R-BTA-2871796|Reactome: R-BTA-450341|Reactome: R-BTA-8874211|Reactome: R-BTA-983231|Reactome: R-CEL-2559580|Reactome: R-CEL-2559582|Reactome: R-CEL-2871796|Reactome: R-CEL-3214847|Reactome: R-CEL-450341|Reactome: R-CEL-8874211|Reactome: R-CEL-9616222|Reactome: R-CEL-983231|Reactome: R-DDI-381033|Reactome: R-DDI-5632684|Reactome: R-DME-198693|Reactome: R-DME-199920|Reactome: R-DME-209394|Reactome: R-DME-209409|Reactome: R-DME-209425|Reactome: R-DME-2559580|Reactome: R-DME-2559582|Reactome: R-DME-2871796|Reactome: R-DME-375165|Reactome: R-DME-390651|Reactome: R-DME-390696|Reactome: R-DME-418555|Reactome: R-DME-442742|Reactome: R-DME-450341|Reactome: R-DME-5689880|Reactome: R-DME-881907|Reactome: R-DME-8856825|Reactome: R-DME-8856828|Reactome: R-DME-9018519|Reactome: R-DME-9616222|Reactome: R-DME-9634638|Reactome: R-DME-983231|Reactome: R-DRE-8874211|Reactome: R-GGA-2559582|Reactome: R-GGA-437986|Reactome: R-HSA-111931|Reactome: R-HSA-111932|Reactome: R-HSA-1368108|Reactome: R-HSA-1912408|Reactome: R-HSA-198693|Reactome: R-HSA-199920|Reactome: R-HSA-210745|Reactome: R-HSA-2151201|Reactome: R-HSA-2173796|Reactome: R-HSA-2197563|Reactome: R-HSA-2559580|Reactome: R-HSA-2559582|Reactome: R-HSA-2871796|Reactome: R-HSA-3214847|Reactome: R-HSA-375165|Reactome: R-HSA-380994|Reactome: R-HSA-381033|Reactome: R-HSA-381038|Reactome: R-HSA-381042|Reactome: R-HSA-381070|Reactome: R-HSA-381183|Reactome: R-HSA-381340|Reactome: R-HSA-400253|Reactome: R-HSA-442720|Reactome: R-HSA-442729|Reactome: R-HSA-442742|Reactome: R-HSA-450341|Reactome: R-HSA-5617472|Reactome: R-HSA-5674400|Reactome: R-HSA-5687128|Reactome: R-HSA-6785807|Reactome: R-HSA-6796648|Reactome: R-HSA-881907|Reactome: R-HSA-8853884|Reactome: R-HSA-8862803|Reactome: R-HSA-8874211|Reactome: R-HSA-8936459|Reactome: R-HSA-8940973|Reactome: R-HSA-8943724|Reactome: R-HSA-8963889|Reactome: R-HSA-9018519|Reactome: R-HSA-9022692|Reactome: R-HSA-9022699|Reactome: R-HSA-9022702|Reactome: R-HSA-9022707|Reactome: R-HSA-9031628|Reactome: R-HSA-9609690|Reactome: R-HSA-9610379|Reactome: R-HSA-9614657|Reactome: R-HSA-9616222|Reactome: R-HSA-9633012|Reactome: R-HSA-9634638|Reactome: R-HSA-9648895|Reactome: R-HSA-9660821|Reactome: R-HSA-9664323|Reactome: R-HSA-9673324|Reactome: R-HSA-983231|Reactome: R-MMU-198693|Reactome: R-MMU-199920|Reactome: R-MMU-2559580|Reactome: R-MMU-2559582|Reactome: R-MMU-2871796|Reactome: R-MMU-3214847|Reactome: R-MMU-375165|Reactome: R-MMU-381033|Reactome: R-MMU-442742|Reactome: R-MMU-450341|Reactome: R-MMU-881907|Reactome: R-MMU-8874211|Reactome: R-MMU-9031628|Reactome: R-MMU-9616222|Reactome: R-MMU-9634638|Reactome: R-MMU-983231|Reactome: R-RNO-198693|Reactome: R-RNO-199920|Reactome: R-RNO-2559580|Reactome: R-RNO-2559582|Reactome: R-RNO-2871796|Reactome: R-RNO-3214847|Reactome: R-RNO-375165|Reactome: R-RNO-381033|Reactome: R-RNO-442742|Reactome: R-RNO-450341|Reactome: R-RNO-881907|Reactome: R-RNO-8874211|Reactome: R-RNO-9031628|Reactome: R-RNO-9616222|Reactome: R-RNO-9634638|Reactome: R-RNO-983231|Reactome: R-SCE-2559580|Reactome: R-SCE-2871796|Reactome: R-SCE-3214847|Reactome: R-SCE-450341|Reactome: R-SPO-3214847|Reactome: R-SPO-450341
Myessoensis.XP_021364925.1	1e96af7212d126023d136cd899ef5c21	307	Pfam	PF07716	Basic region leucine zipper	237	290	1.1E-14	T	22-10-2021	IPR004827	Basic-leucine zipper domain	GO:0003700|GO:0006355	Reactome: R-BTA-2559580|Reactome: R-BTA-2871796|Reactome: R-BTA-450341|Reactome: R-BTA-8874211|Reactome: R-BTA-983231|Reactome: R-CEL-2559580|Reactome: R-CEL-2559582|Reactome: R-CEL-2871796|Reactome: R-CEL-3214847|Reactome: R-CEL-450341|Reactome: R-CEL-8874211|Reactome: R-CEL-9616222|Reactome: R-CEL-983231|Reactome: R-DDI-381033|Reactome: R-DDI-5632684|Reactome: R-DME-198693|Reactome: R-DME-199920|Reactome: R-DME-209394|Reactome: R-DME-209409|Reactome: R-DME-209425|Reactome: R-DME-2559580|Reactome: R-DME-2559582|Reactome: R-DME-2871796|Reactome: R-DME-375165|Reactome: R-DME-390651|Reactome: R-DME-390696|Reactome: R-DME-418555|Reactome: R-DME-442742|Reactome: R-DME-450341|Reactome: R-DME-5689880|Reactome: R-DME-881907|Reactome: R-DME-8856825|Reactome: R-DME-8856828|Reactome: R-DME-9018519|Reactome: R-DME-9616222|Reactome: R-DME-9634638|Reactome: R-DME-983231|Reactome: R-DRE-8874211|Reactome: R-GGA-2559582|Reactome: R-GGA-437986|Reactome: R-HSA-111931|Reactome: R-HSA-111932|Reactome: R-HSA-1368108|Reactome: R-HSA-1912408|Reactome: R-HSA-198693|Reactome: R-HSA-199920|Reactome: R-HSA-210745|Reactome: R-HSA-2151201|Reactome: R-HSA-2173796|Reactome: R-HSA-2197563|Reactome: R-HSA-2559580|Reactome: R-HSA-2559582|Reactome: R-HSA-2871796|Reactome: R-HSA-3214847|Reactome: R-HSA-375165|Reactome: R-HSA-380994|Reactome: R-HSA-381033|Reactome: R-HSA-381038|Reactome: R-HSA-381042|Reactome: R-HSA-381070|Reactome: R-HSA-381183|Reactome: R-HSA-381340|Reactome: R-HSA-400253|Reactome: R-HSA-442720|Reactome: R-HSA-442729|Reactome: R-HSA-442742|Reactome: R-HSA-450341|Reactome: R-HSA-5617472|Reactome: R-HSA-5674400|Reactome: R-HSA-5687128|Reactome: R-HSA-6785807|Reactome: R-HSA-6796648|Reactome: R-HSA-881907|Reactome: R-HSA-8853884|Reactome: R-HSA-8862803|Reactome: R-HSA-8874211|Reactome: R-HSA-8936459|Reactome: R-HSA-8940973|Reactome: R-HSA-8943724|Reactome: R-HSA-8963889|Reactome: R-HSA-9018519|Reactome: R-HSA-9022692|Reactome: R-HSA-9022699|Reactome: R-HSA-9022702|Reactome: R-HSA-9022707|Reactome: R-HSA-9031628|Reactome: R-HSA-9609690|Reactome: R-HSA-9610379|Reactome: R-HSA-9614657|Reactome: R-HSA-9616222|Reactome: R-HSA-9633012|Reactome: R-HSA-9634638|Reactome: R-HSA-9648895|Reactome: R-HSA-9660821|Reactome: R-HSA-9664323|Reactome: R-HSA-9673324|Reactome: R-HSA-983231|Reactome: R-MMU-198693|Reactome: R-MMU-199920|Reactome: R-MMU-2559580|Reactome: R-MMU-2559582|Reactome: R-MMU-2871796|Reactome: R-MMU-3214847|Reactome: R-MMU-375165|Reactome: R-MMU-381033|Reactome: R-MMU-442742|Reactome: R-MMU-450341|Reactome: R-MMU-881907|Reactome: R-MMU-8874211|Reactome: R-MMU-9031628|Reactome: R-MMU-9616222|Reactome: R-MMU-9634638|Reactome: R-MMU-983231|Reactome: R-RNO-198693|Reactome: R-RNO-199920|Reactome: R-RNO-2559580|Reactome: R-RNO-2559582|Reactome: R-RNO-2871796|Reactome: R-RNO-3214847|Reactome: R-RNO-375165|Reactome: R-RNO-381033|Reactome: R-RNO-442742|Reactome: R-RNO-450341|Reactome: R-RNO-881907|Reactome: R-RNO-8874211|Reactome: R-RNO-9031628|Reactome: R-RNO-9616222|Reactome: R-RNO-9634638|Reactome: R-RNO-983231|Reactome: R-SCE-2559580|Reactome: R-SCE-2871796|Reactome: R-SCE-3214847|Reactome: R-SCE-450341|Reactome: R-SPO-3214847|Reactome: R-SPO-450341
Myessoensis.XP_021373998.1	c30e450d8a0e26df7900e7f56f4f5276	294	Pfam	PF07716	Basic region leucine zipper	227	279	9.1E-15	T	22-10-2021	IPR004827	Basic-leucine zipper domain	GO:0003700|GO:0006355	Reactome: R-BTA-2559580|Reactome: R-BTA-2871796|Reactome: R-BTA-450341|Reactome: R-BTA-8874211|Reactome: R-BTA-983231|Reactome: R-CEL-2559580|Reactome: R-CEL-2559582|Reactome: R-CEL-2871796|Reactome: R-CEL-3214847|Reactome: R-CEL-450341|Reactome: R-CEL-8874211|Reactome: R-CEL-9616222|Reactome: R-CEL-983231|Reactome: R-DDI-381033|Reactome: R-DDI-5632684|Reactome: R-DME-198693|Reactome: R-DME-199920|Reactome: R-DME-209394|Reactome: R-DME-209409|Reactome: R-DME-209425|Reactome: R-DME-2559580|Reactome: R-DME-2559582|Reactome: R-DME-2871796|Reactome: R-DME-375165|Reactome: R-DME-390651|Reactome: R-DME-390696|Reactome: R-DME-418555|Reactome: R-DME-442742|Reactome: R-DME-450341|Reactome: R-DME-5689880|Reactome: R-DME-881907|Reactome: R-DME-8856825|Reactome: R-DME-8856828|Reactome: R-DME-9018519|Reactome: R-DME-9616222|Reactome: R-DME-9634638|Reactome: R-DME-983231|Reactome: R-DRE-8874211|Reactome: R-GGA-2559582|Reactome: R-GGA-437986|Reactome: R-HSA-111931|Reactome: R-HSA-111932|Reactome: R-HSA-1368108|Reactome: R-HSA-1912408|Reactome: R-HSA-198693|Reactome: R-HSA-199920|Reactome: R-HSA-210745|Reactome: R-HSA-2151201|Reactome: R-HSA-2173796|Reactome: R-HSA-2197563|Reactome: R-HSA-2559580|Reactome: R-HSA-2559582|Reactome: R-HSA-2871796|Reactome: R-HSA-3214847|Reactome: R-HSA-375165|Reactome: R-HSA-380994|Reactome: R-HSA-381033|Reactome: R-HSA-381038|Reactome: R-HSA-381042|Reactome: R-HSA-381070|Reactome: R-HSA-381183|Reactome: R-HSA-381340|Reactome: R-HSA-400253|Reactome: R-HSA-442720|Reactome: R-HSA-442729|Reactome: R-HSA-442742|Reactome: R-HSA-450341|Reactome: R-HSA-5617472|Reactome: R-HSA-5674400|Reactome: R-HSA-5687128|Reactome: R-HSA-6785807|Reactome: R-HSA-6796648|Reactome: R-HSA-881907|Reactome: R-HSA-8853884|Reactome: R-HSA-8862803|Reactome: R-HSA-8874211|Reactome: R-HSA-8936459|Reactome: R-HSA-8940973|Reactome: R-HSA-8943724|Reactome: R-HSA-8963889|Reactome: R-HSA-9018519|Reactome: R-HSA-9022692|Reactome: R-HSA-9022699|Reactome: R-HSA-9022702|Reactome: R-HSA-9022707|Reactome: R-HSA-9031628|Reactome: R-HSA-9609690|Reactome: R-HSA-9610379|Reactome: R-HSA-9614657|Reactome: R-HSA-9616222|Reactome: R-HSA-9633012|Reactome: R-HSA-9634638|Reactome: R-HSA-9648895|Reactome: R-HSA-9660821|Reactome: R-HSA-9664323|Reactome: R-HSA-9673324|Reactome: R-HSA-983231|Reactome: R-MMU-198693|Reactome: R-MMU-199920|Reactome: R-MMU-2559580|Reactome: R-MMU-2559582|Reactome: R-MMU-2871796|Reactome: R-MMU-3214847|Reactome: R-MMU-375165|Reactome: R-MMU-381033|Reactome: R-MMU-442742|Reactome: R-MMU-450341|Reactome: R-MMU-881907|Reactome: R-MMU-8874211|Reactome: R-MMU-9031628|Reactome: R-MMU-9616222|Reactome: R-MMU-9634638|Reactome: R-MMU-983231|Reactome: R-RNO-198693|Reactome: R-RNO-199920|Reactome: R-RNO-2559580|Reactome: R-RNO-2559582|Reactome: R-RNO-2871796|Reactome: R-RNO-3214847|Reactome: R-RNO-375165|Reactome: R-RNO-381033|Reactome: R-RNO-442742|Reactome: R-RNO-450341|Reactome: R-RNO-881907|Reactome: R-RNO-8874211|Reactome: R-RNO-9031628|Reactome: R-RNO-9616222|Reactome: R-RNO-9634638|Reactome: R-RNO-983231|Reactome: R-SCE-2559580|Reactome: R-SCE-2871796|Reactome: R-SCE-3214847|Reactome: R-SCE-450341|Reactome: R-SPO-3214847|Reactome: R-SPO-450341
Myessoensis.XP_021379683.1	349beabc36087bc9c2021597480b6447	242	Pfam	PF07716	Basic region leucine zipper	177	230	5.3E-16	T	22-10-2021	IPR004827	Basic-leucine zipper domain	GO:0003700|GO:0006355	Reactome: R-BTA-2559580|Reactome: R-BTA-2871796|Reactome: R-BTA-450341|Reactome: R-BTA-8874211|Reactome: R-BTA-983231|Reactome: R-CEL-2559580|Reactome: R-CEL-2559582|Reactome: R-CEL-2871796|Reactome: R-CEL-3214847|Reactome: R-CEL-450341|Reactome: R-CEL-8874211|Reactome: R-CEL-9616222|Reactome: R-CEL-983231|Reactome: R-DDI-381033|Reactome: R-DDI-5632684|Reactome: R-DME-198693|Reactome: R-DME-199920|Reactome: R-DME-209394|Reactome: R-DME-209409|Reactome: R-DME-209425|Reactome: R-DME-2559580|Reactome: R-DME-2559582|Reactome: R-DME-2871796|Reactome: R-DME-375165|Reactome: R-DME-390651|Reactome: R-DME-390696|Reactome: R-DME-418555|Reactome: R-DME-442742|Reactome: R-DME-450341|Reactome: R-DME-5689880|Reactome: R-DME-881907|Reactome: R-DME-8856825|Reactome: R-DME-8856828|Reactome: R-DME-9018519|Reactome: R-DME-9616222|Reactome: R-DME-9634638|Reactome: R-DME-983231|Reactome: R-DRE-8874211|Reactome: R-GGA-2559582|Reactome: R-GGA-437986|Reactome: R-HSA-111931|Reactome: R-HSA-111932|Reactome: R-HSA-1368108|Reactome: R-HSA-1912408|Reactome: R-HSA-198693|Reactome: R-HSA-199920|Reactome: R-HSA-210745|Reactome: R-HSA-2151201|Reactome: R-HSA-2173796|Reactome: R-HSA-2197563|Reactome: R-HSA-2559580|Reactome: R-HSA-2559582|Reactome: R-HSA-2871796|Reactome: R-HSA-3214847|Reactome: R-HSA-375165|Reactome: R-HSA-380994|Reactome: R-HSA-381033|Reactome: R-HSA-381038|Reactome: R-HSA-381042|Reactome: R-HSA-381070|Reactome: R-HSA-381183|Reactome: R-HSA-381340|Reactome: R-HSA-400253|Reactome: R-HSA-442720|Reactome: R-HSA-442729|Reactome: R-HSA-442742|Reactome: R-HSA-450341|Reactome: R-HSA-5617472|Reactome: R-HSA-5674400|Reactome: R-HSA-5687128|Reactome: R-HSA-6785807|Reactome: R-HSA-6796648|Reactome: R-HSA-881907|Reactome: R-HSA-8853884|Reactome: R-HSA-8862803|Reactome: R-HSA-8874211|Reactome: R-HSA-8936459|Reactome: R-HSA-8940973|Reactome: R-HSA-8943724|Reactome: R-HSA-8963889|Reactome: R-HSA-9018519|Reactome: R-HSA-9022692|Reactome: R-HSA-9022699|Reactome: R-HSA-9022702|Reactome: R-HSA-9022707|Reactome: R-HSA-9031628|Reactome: R-HSA-9609690|Reactome: R-HSA-9610379|Reactome: R-HSA-9614657|Reactome: R-HSA-9616222|Reactome: R-HSA-9633012|Reactome: R-HSA-9634638|Reactome: R-HSA-9648895|Reactome: R-HSA-9660821|Reactome: R-HSA-9664323|Reactome: R-HSA-9673324|Reactome: R-HSA-983231|Reactome: R-MMU-198693|Reactome: R-MMU-199920|Reactome: R-MMU-2559580|Reactome: R-MMU-2559582|Reactome: R-MMU-2871796|Reactome: R-MMU-3214847|Reactome: R-MMU-375165|Reactome: R-MMU-381033|Reactome: R-MMU-442742|Reactome: R-MMU-450341|Reactome: R-MMU-881907|Reactome: R-MMU-8874211|Reactome: R-MMU-9031628|Reactome: R-MMU-9616222|Reactome: R-MMU-9634638|Reactome: R-MMU-983231|Reactome: R-RNO-198693|Reactome: R-RNO-199920|Reactome: R-RNO-2559580|Reactome: R-RNO-2559582|Reactome: R-RNO-2871796|Reactome: R-RNO-3214847|Reactome: R-RNO-375165|Reactome: R-RNO-381033|Reactome: R-RNO-442742|Reactome: R-RNO-450341|Reactome: R-RNO-881907|Reactome: R-RNO-8874211|Reactome: R-RNO-9031628|Reactome: R-RNO-9616222|Reactome: R-RNO-9634638|Reactome: R-RNO-983231|Reactome: R-SCE-2559580|Reactome: R-SCE-2871796|Reactome: R-SCE-3214847|Reactome: R-SCE-450341|Reactome: R-SPO-3214847|Reactome: R-SPO-450341
Nvectensis.XP_032219950.1	34a65dc35405d0ec1ddbafa2f396631a	200	Pfam	PF07716	Basic region leucine zipper	132	183	1.8E-15	T	22-10-2021	IPR004827	Basic-leucine zipper domain	GO:0003700|GO:0006355	Reactome: R-BTA-2559580|Reactome: R-BTA-2871796|Reactome: R-BTA-450341|Reactome: R-BTA-8874211|Reactome: R-BTA-983231|Reactome: R-CEL-2559580|Reactome: R-CEL-2559582|Reactome: R-CEL-2871796|Reactome: R-CEL-3214847|Reactome: R-CEL-450341|Reactome: R-CEL-8874211|Reactome: R-CEL-9616222|Reactome: R-CEL-983231|Reactome: R-DDI-381033|Reactome: R-DDI-5632684|Reactome: R-DME-198693|Reactome: R-DME-199920|Reactome: R-DME-209394|Reactome: R-DME-209409|Reactome: R-DME-209425|Reactome: R-DME-2559580|Reactome: R-DME-2559582|Reactome: R-DME-2871796|Reactome: R-DME-375165|Reactome: R-DME-390651|Reactome: R-DME-390696|Reactome: R-DME-418555|Reactome: R-DME-442742|Reactome: R-DME-450341|Reactome: R-DME-5689880|Reactome: R-DME-881907|Reactome: R-DME-8856825|Reactome: R-DME-8856828|Reactome: R-DME-9018519|Reactome: R-DME-9616222|Reactome: R-DME-9634638|Reactome: R-DME-983231|Reactome: R-DRE-8874211|Reactome: R-GGA-2559582|Reactome: R-GGA-437986|Reactome: R-HSA-111931|Reactome: R-HSA-111932|Reactome: R-HSA-1368108|Reactome: R-HSA-1912408|Reactome: R-HSA-198693|Reactome: R-HSA-199920|Reactome: R-HSA-210745|Reactome: R-HSA-2151201|Reactome: R-HSA-2173796|Reactome: R-HSA-2197563|Reactome: R-HSA-2559580|Reactome: R-HSA-2559582|Reactome: R-HSA-2871796|Reactome: R-HSA-3214847|Reactome: R-HSA-375165|Reactome: R-HSA-380994|Reactome: R-HSA-381033|Reactome: R-HSA-381038|Reactome: R-HSA-381042|Reactome: R-HSA-381070|Reactome: R-HSA-381183|Reactome: R-HSA-381340|Reactome: R-HSA-400253|Reactome: R-HSA-442720|Reactome: R-HSA-442729|Reactome: R-HSA-442742|Reactome: R-HSA-450341|Reactome: R-HSA-5617472|Reactome: R-HSA-5674400|Reactome: R-HSA-5687128|Reactome: R-HSA-6785807|Reactome: R-HSA-6796648|Reactome: R-HSA-881907|Reactome: R-HSA-8853884|Reactome: R-HSA-8862803|Reactome: R-HSA-8874211|Reactome: R-HSA-8936459|Reactome: R-HSA-8940973|Reactome: R-HSA-8943724|Reactome: R-HSA-8963889|Reactome: R-HSA-9018519|Reactome: R-HSA-9022692|Reactome: R-HSA-9022699|Reactome: R-HSA-9022702|Reactome: R-HSA-9022707|Reactome: R-HSA-9031628|Reactome: R-HSA-9609690|Reactome: R-HSA-9610379|Reactome: R-HSA-9614657|Reactome: R-HSA-9616222|Reactome: R-HSA-9633012|Reactome: R-HSA-9634638|Reactome: R-HSA-9648895|Reactome: R-HSA-9660821|Reactome: R-HSA-9664323|Reactome: R-HSA-9673324|Reactome: R-HSA-983231|Reactome: R-MMU-198693|Reactome: R-MMU-199920|Reactome: R-MMU-2559580|Reactome: R-MMU-2559582|Reactome: R-MMU-2871796|Reactome: R-MMU-3214847|Reactome: R-MMU-375165|Reactome: R-MMU-381033|Reactome: R-MMU-442742|Reactome: R-MMU-450341|Reactome: R-MMU-881907|Reactome: R-MMU-8874211|Reactome: R-MMU-9031628|Reactome: R-MMU-9616222|Reactome: R-MMU-9634638|Reactome: R-MMU-983231|Reactome: R-RNO-198693|Reactome: R-RNO-199920|Reactome: R-RNO-2559580|Reactome: R-RNO-2559582|Reactome: R-RNO-2871796|Reactome: R-RNO-3214847|Reactome: R-RNO-375165|Reactome: R-RNO-381033|Reactome: R-RNO-442742|Reactome: R-RNO-450341|Reactome: R-RNO-881907|Reactome: R-RNO-8874211|Reactome: R-RNO-9031628|Reactome: R-RNO-9616222|Reactome: R-RNO-9634638|Reactome: R-RNO-983231|Reactome: R-SCE-2559580|Reactome: R-SCE-2871796|Reactome: R-SCE-3214847|Reactome: R-SCE-450341|Reactome: R-SPO-3214847|Reactome: R-SPO-450341
Nvectensis.XP_032223018.1	81c67c3212345360922c1e39535c00bf	314	Pfam	PF07716	Basic region leucine zipper	252	304	1.2E-10	T	22-10-2021	IPR004827	Basic-leucine zipper domain	GO:0003700|GO:0006355	Reactome: R-BTA-2559580|Reactome: R-BTA-2871796|Reactome: R-BTA-450341|Reactome: R-BTA-8874211|Reactome: R-BTA-983231|Reactome: R-CEL-2559580|Reactome: R-CEL-2559582|Reactome: R-CEL-2871796|Reactome: R-CEL-3214847|Reactome: R-CEL-450341|Reactome: R-CEL-8874211|Reactome: R-CEL-9616222|Reactome: R-CEL-983231|Reactome: R-DDI-381033|Reactome: R-DDI-5632684|Reactome: R-DME-198693|Reactome: R-DME-199920|Reactome: R-DME-209394|Reactome: R-DME-209409|Reactome: R-DME-209425|Reactome: R-DME-2559580|Reactome: R-DME-2559582|Reactome: R-DME-2871796|Reactome: R-DME-375165|Reactome: R-DME-390651|Reactome: R-DME-390696|Reactome: R-DME-418555|Reactome: R-DME-442742|Reactome: R-DME-450341|Reactome: R-DME-5689880|Reactome: R-DME-881907|Reactome: R-DME-8856825|Reactome: R-DME-8856828|Reactome: R-DME-9018519|Reactome: R-DME-9616222|Reactome: R-DME-9634638|Reactome: R-DME-983231|Reactome: R-DRE-8874211|Reactome: R-GGA-2559582|Reactome: R-GGA-437986|Reactome: R-HSA-111931|Reactome: R-HSA-111932|Reactome: R-HSA-1368108|Reactome: R-HSA-1912408|Reactome: R-HSA-198693|Reactome: R-HSA-199920|Reactome: R-HSA-210745|Reactome: R-HSA-2151201|Reactome: R-HSA-2173796|Reactome: R-HSA-2197563|Reactome: R-HSA-2559580|Reactome: R-HSA-2559582|Reactome: R-HSA-2871796|Reactome: R-HSA-3214847|Reactome: R-HSA-375165|Reactome: R-HSA-380994|Reactome: R-HSA-381033|Reactome: R-HSA-381038|Reactome: R-HSA-381042|Reactome: R-HSA-381070|Reactome: R-HSA-381183|Reactome: R-HSA-381340|Reactome: R-HSA-400253|Reactome: R-HSA-442720|Reactome: R-HSA-442729|Reactome: R-HSA-442742|Reactome: R-HSA-450341|Reactome: R-HSA-5617472|Reactome: R-HSA-5674400|Reactome: R-HSA-5687128|Reactome: R-HSA-6785807|Reactome: R-HSA-6796648|Reactome: R-HSA-881907|Reactome: R-HSA-8853884|Reactome: R-HSA-8862803|Reactome: R-HSA-8874211|Reactome: R-HSA-8936459|Reactome: R-HSA-8940973|Reactome: R-HSA-8943724|Reactome: R-HSA-8963889|Reactome: R-HSA-9018519|Reactome: R-HSA-9022692|Reactome: R-HSA-9022699|Reactome: R-HSA-9022702|Reactome: R-HSA-9022707|Reactome: R-HSA-9031628|Reactome: R-HSA-9609690|Reactome: R-HSA-9610379|Reactome: R-HSA-9614657|Reactome: R-HSA-9616222|Reactome: R-HSA-9633012|Reactome: R-HSA-9634638|Reactome: R-HSA-9648895|Reactome: R-HSA-9660821|Reactome: R-HSA-9664323|Reactome: R-HSA-9673324|Reactome: R-HSA-983231|Reactome: R-MMU-198693|Reactome: R-MMU-199920|Reactome: R-MMU-2559580|Reactome: R-MMU-2559582|Reactome: R-MMU-2871796|Reactome: R-MMU-3214847|Reactome: R-MMU-375165|Reactome: R-MMU-381033|Reactome: R-MMU-442742|Reactome: R-MMU-450341|Reactome: R-MMU-881907|Reactome: R-MMU-8874211|Reactome: R-MMU-9031628|Reactome: R-MMU-9616222|Reactome: R-MMU-9634638|Reactome: R-MMU-983231|Reactome: R-RNO-198693|Reactome: R-RNO-199920|Reactome: R-RNO-2559580|Reactome: R-RNO-2559582|Reactome: R-RNO-2871796|Reactome: R-RNO-3214847|Reactome: R-RNO-375165|Reactome: R-RNO-381033|Reactome: R-RNO-442742|Reactome: R-RNO-450341|Reactome: R-RNO-881907|Reactome: R-RNO-8874211|Reactome: R-RNO-9031628|Reactome: R-RNO-9616222|Reactome: R-RNO-9634638|Reactome: R-RNO-983231|Reactome: R-SCE-2559580|Reactome: R-SCE-2871796|Reactome: R-SCE-3214847|Reactome: R-SCE-450341|Reactome: R-SPO-3214847|Reactome: R-SPO-450341
Nvectensis.XP_032223208.1	1ecbe7ba8a529b939fabd29735135ef1	244	Pfam	PF07716	Basic region leucine zipper	177	229	1.4E-12	T	22-10-2021	IPR004827	Basic-leucine zipper domain	GO:0003700|GO:0006355	Reactome: R-BTA-2559580|Reactome: R-BTA-2871796|Reactome: R-BTA-450341|Reactome: R-BTA-8874211|Reactome: R-BTA-983231|Reactome: R-CEL-2559580|Reactome: R-CEL-2559582|Reactome: R-CEL-2871796|Reactome: R-CEL-3214847|Reactome: R-CEL-450341|Reactome: R-CEL-8874211|Reactome: R-CEL-9616222|Reactome: R-CEL-983231|Reactome: R-DDI-381033|Reactome: R-DDI-5632684|Reactome: R-DME-198693|Reactome: R-DME-199920|Reactome: R-DME-209394|Reactome: R-DME-209409|Reactome: R-DME-209425|Reactome: R-DME-2559580|Reactome: R-DME-2559582|Reactome: R-DME-2871796|Reactome: R-DME-375165|Reactome: R-DME-390651|Reactome: R-DME-390696|Reactome: R-DME-418555|Reactome: R-DME-442742|Reactome: R-DME-450341|Reactome: R-DME-5689880|Reactome: R-DME-881907|Reactome: R-DME-8856825|Reactome: R-DME-8856828|Reactome: R-DME-9018519|Reactome: R-DME-9616222|Reactome: R-DME-9634638|Reactome: R-DME-983231|Reactome: R-DRE-8874211|Reactome: R-GGA-2559582|Reactome: R-GGA-437986|Reactome: R-HSA-111931|Reactome: R-HSA-111932|Reactome: R-HSA-1368108|Reactome: R-HSA-1912408|Reactome: R-HSA-198693|Reactome: R-HSA-199920|Reactome: R-HSA-210745|Reactome: R-HSA-2151201|Reactome: R-HSA-2173796|Reactome: R-HSA-2197563|Reactome: R-HSA-2559580|Reactome: R-HSA-2559582|Reactome: R-HSA-2871796|Reactome: R-HSA-3214847|Reactome: R-HSA-375165|Reactome: R-HSA-380994|Reactome: R-HSA-381033|Reactome: R-HSA-381038|Reactome: R-HSA-381042|Reactome: R-HSA-381070|Reactome: R-HSA-381183|Reactome: R-HSA-381340|Reactome: R-HSA-400253|Reactome: R-HSA-442720|Reactome: R-HSA-442729|Reactome: R-HSA-442742|Reactome: R-HSA-450341|Reactome: R-HSA-5617472|Reactome: R-HSA-5674400|Reactome: R-HSA-5687128|Reactome: R-HSA-6785807|Reactome: R-HSA-6796648|Reactome: R-HSA-881907|Reactome: R-HSA-8853884|Reactome: R-HSA-8862803|Reactome: R-HSA-8874211|Reactome: R-HSA-8936459|Reactome: R-HSA-8940973|Reactome: R-HSA-8943724|Reactome: R-HSA-8963889|Reactome: R-HSA-9018519|Reactome: R-HSA-9022692|Reactome: R-HSA-9022699|Reactome: R-HSA-9022702|Reactome: R-HSA-9022707|Reactome: R-HSA-9031628|Reactome: R-HSA-9609690|Reactome: R-HSA-9610379|Reactome: R-HSA-9614657|Reactome: R-HSA-9616222|Reactome: R-HSA-9633012|Reactome: R-HSA-9634638|Reactome: R-HSA-9648895|Reactome: R-HSA-9660821|Reactome: R-HSA-9664323|Reactome: R-HSA-9673324|Reactome: R-HSA-983231|Reactome: R-MMU-198693|Reactome: R-MMU-199920|Reactome: R-MMU-2559580|Reactome: R-MMU-2559582|Reactome: R-MMU-2871796|Reactome: R-MMU-3214847|Reactome: R-MMU-375165|Reactome: R-MMU-381033|Reactome: R-MMU-442742|Reactome: R-MMU-450341|Reactome: R-MMU-881907|Reactome: R-MMU-8874211|Reactome: R-MMU-9031628|Reactome: R-MMU-9616222|Reactome: R-MMU-9634638|Reactome: R-MMU-983231|Reactome: R-RNO-198693|Reactome: R-RNO-199920|Reactome: R-RNO-2559580|Reactome: R-RNO-2559582|Reactome: R-RNO-2871796|Reactome: R-RNO-3214847|Reactome: R-RNO-375165|Reactome: R-RNO-381033|Reactome: R-RNO-442742|Reactome: R-RNO-450341|Reactome: R-RNO-881907|Reactome: R-RNO-8874211|Reactome: R-RNO-9031628|Reactome: R-RNO-9616222|Reactome: R-RNO-9634638|Reactome: R-RNO-983231|Reactome: R-SCE-2559580|Reactome: R-SCE-2871796|Reactome: R-SCE-3214847|Reactome: R-SCE-450341|Reactome: R-SPO-3214847|Reactome: R-SPO-450341
Nvectensis.XP_032238384.1	b351812418e173b0ee2acc125e8c3149	235	Pfam	PF07716	Basic region leucine zipper	167	218	2.4E-15	T	22-10-2021	IPR004827	Basic-leucine zipper domain	GO:0003700|GO:0006355	Reactome: R-BTA-2559580|Reactome: R-BTA-2871796|Reactome: R-BTA-450341|Reactome: R-BTA-8874211|Reactome: R-BTA-983231|Reactome: R-CEL-2559580|Reactome: R-CEL-2559582|Reactome: R-CEL-2871796|Reactome: R-CEL-3214847|Reactome: R-CEL-450341|Reactome: R-CEL-8874211|Reactome: R-CEL-9616222|Reactome: R-CEL-983231|Reactome: R-DDI-381033|Reactome: R-DDI-5632684|Reactome: R-DME-198693|Reactome: R-DME-199920|Reactome: R-DME-209394|Reactome: R-DME-209409|Reactome: R-DME-209425|Reactome: R-DME-2559580|Reactome: R-DME-2559582|Reactome: R-DME-2871796|Reactome: R-DME-375165|Reactome: R-DME-390651|Reactome: R-DME-390696|Reactome: R-DME-418555|Reactome: R-DME-442742|Reactome: R-DME-450341|Reactome: R-DME-5689880|Reactome: R-DME-881907|Reactome: R-DME-8856825|Reactome: R-DME-8856828|Reactome: R-DME-9018519|Reactome: R-DME-9616222|Reactome: R-DME-9634638|Reactome: R-DME-983231|Reactome: R-DRE-8874211|Reactome: R-GGA-2559582|Reactome: R-GGA-437986|Reactome: R-HSA-111931|Reactome: R-HSA-111932|Reactome: R-HSA-1368108|Reactome: R-HSA-1912408|Reactome: R-HSA-198693|Reactome: R-HSA-199920|Reactome: R-HSA-210745|Reactome: R-HSA-2151201|Reactome: R-HSA-2173796|Reactome: R-HSA-2197563|Reactome: R-HSA-2559580|Reactome: R-HSA-2559582|Reactome: R-HSA-2871796|Reactome: R-HSA-3214847|Reactome: R-HSA-375165|Reactome: R-HSA-380994|Reactome: R-HSA-381033|Reactome: R-HSA-381038|Reactome: R-HSA-381042|Reactome: R-HSA-381070|Reactome: R-HSA-381183|Reactome: R-HSA-381340|Reactome: R-HSA-400253|Reactome: R-HSA-442720|Reactome: R-HSA-442729|Reactome: R-HSA-442742|Reactome: R-HSA-450341|Reactome: R-HSA-5617472|Reactome: R-HSA-5674400|Reactome: R-HSA-5687128|Reactome: R-HSA-6785807|Reactome: R-HSA-6796648|Reactome: R-HSA-881907|Reactome: R-HSA-8853884|Reactome: R-HSA-8862803|Reactome: R-HSA-8874211|Reactome: R-HSA-8936459|Reactome: R-HSA-8940973|Reactome: R-HSA-8943724|Reactome: R-HSA-8963889|Reactome: R-HSA-9018519|Reactome: R-HSA-9022692|Reactome: R-HSA-9022699|Reactome: R-HSA-9022702|Reactome: R-HSA-9022707|Reactome: R-HSA-9031628|Reactome: R-HSA-9609690|Reactome: R-HSA-9610379|Reactome: R-HSA-9614657|Reactome: R-HSA-9616222|Reactome: R-HSA-9633012|Reactome: R-HSA-9634638|Reactome: R-HSA-9648895|Reactome: R-HSA-9660821|Reactome: R-HSA-9664323|Reactome: R-HSA-9673324|Reactome: R-HSA-983231|Reactome: R-MMU-198693|Reactome: R-MMU-199920|Reactome: R-MMU-2559580|Reactome: R-MMU-2559582|Reactome: R-MMU-2871796|Reactome: R-MMU-3214847|Reactome: R-MMU-375165|Reactome: R-MMU-381033|Reactome: R-MMU-442742|Reactome: R-MMU-450341|Reactome: R-MMU-881907|Reactome: R-MMU-8874211|Reactome: R-MMU-9031628|Reactome: R-MMU-9616222|Reactome: R-MMU-9634638|Reactome: R-MMU-983231|Reactome: R-RNO-198693|Reactome: R-RNO-199920|Reactome: R-RNO-2559580|Reactome: R-RNO-2559582|Reactome: R-RNO-2871796|Reactome: R-RNO-3214847|Reactome: R-RNO-375165|Reactome: R-RNO-381033|Reactome: R-RNO-442742|Reactome: R-RNO-450341|Reactome: R-RNO-881907|Reactome: R-RNO-8874211|Reactome: R-RNO-9031628|Reactome: R-RNO-9616222|Reactome: R-RNO-9634638|Reactome: R-RNO-983231|Reactome: R-SCE-2559580|Reactome: R-SCE-2871796|Reactome: R-SCE-3214847|Reactome: R-SCE-450341|Reactome: R-SPO-3214847|Reactome: R-SPO-450341
